epoch,time,train/box_loss,train/seg_loss,train/cls_loss,train/dfl_loss,train/sem_loss,metrics/precision(B),metrics/recall(B),metrics/mAP50(B),metrics/mAP50-95(B),metrics/precision(M),metrics/recall(M),metrics/mAP50(M),metrics/mAP50-95(M),val/box_loss,val/seg_loss,val/cls_loss,val/dfl_loss,val/sem_loss,lr/pg0,lr/pg1,lr/pg2
1,8.96303,2.33595,4.38051,4.85428,0.01497,5.34312,0.00513,0.04396,0.00326,0.00106,0.00026,0.0022,0.00013,3e-05,2.25134,3.7893,3.73353,0.00865,0,0.00046,0.00046,0.00046
2,15.8176,2.25725,4.39874,4.88757,0.01617,5.32216,0.00718,0.06154,0.00411,0.00128,0.00026,0.0022,0.00013,3e-05,2.35447,3.80238,3.73384,0.00895,0,0.000936898,0.000936898,0.000936898
3,22.8187,1.87403,3.8639,4.9209,0.01099,4.6967,0.01487,0.12747,0.01192,0.00433,0.00872,0.07473,0.0056,0.00139,1.95079,3.79928,3.57626,0.00818,0,0.00141063,0.00141063,0.00141063
4,29.7978,1.62878,3.22969,5.40587,0.01275,3.83298,0.03154,0.27033,0.06438,0.03135,0.03103,0.26593,0.05003,0.01817,1.79302,3.6673,3.48111,0.00657,0,0.00188119,0.00188119,0.00188119
5,36.327,1.53725,3.11854,4.85073,0.01362,3.19733,0.02538,0.21758,0.05284,0.02147,0.02872,0.24615,0.04765,0.01915,1.8045,2.93008,3.32777,0.00659,0,0.0019736,0.0019736,0.0019736
6,43.2955,1.64976,3.10087,4.09807,0.01067,2.64395,0.05795,0.4967,0.19476,0.07498,0.03744,0.32088,0.08703,0.01737,1.8608,4.37154,3.05949,0.00665,0,0.001967,0.001967,0.001967
7,50.309,1.85521,4.45838,3.87246,0.01045,2.11854,0.05795,0.4967,0.19476,0.07498,0.03744,0.32088,0.08703,0.01737,1.8608,4.37154,3.05949,0.00665,0,0.0019604,0.0019604,0.0019604
8,57.0327,1.64188,3.42869,4.46177,0.01183,2.04845,0.07385,0.63297,0.27722,0.12413,0.07385,0.63297,0.27601,0.10961,1.76277,2.55441,2.88047,0.00643,0,0.0019538,0.0019538,0.0019538
9,63.8386,1.71655,3.03419,4.40203,0.01289,1.8912,0.44403,0.27383,0.30991,0.09333,0.3758,0.25934,0.2335,0.06162,1.96694,2.81986,2.85141,0.00712,0,0.0019472,0.0019472,0.0019472
10,70.8289,1.81335,3.05368,4.70088,0.01619,1.70347,0.54432,0.21758,0.33055,0.09791,0.48791,0.21758,0.30362,0.08425,1.85595,2.68808,2.87763,0.0066,0,0.0019406,0.0019406,0.0019406
11,77.7055,1.88445,2.61975,4.5768,0.01544,1.86781,0.54432,0.21758,0.33055,0.09791,0.48791,0.21758,0.30362,0.08425,1.85595,2.68808,2.87763,0.0066,0,0.001934,0.001934,0.001934
12,84.8253,1.63786,2.59865,3.77224,0.01085,1.64111,0.32294,0.47912,0.35321,0.16113,0.31701,0.47033,0.34588,0.1506,1.63066,2.52139,2.6697,0.00572,0,0.0019274,0.0019274,0.0019274
13,91.3931,1.57344,2.62068,4.07358,0.0112,1.51624,0.57937,0.32527,0.41384,0.20841,0.59111,0.33187,0.41703,0.19544,1.56937,2.52002,2.54505,0.00528,0,0.0019208,0.0019208,0.0019208
14,97.7163,1.57099,2.36094,4.34919,0.01246,1.35337,0.61788,0.25495,0.42043,0.21936,0.61801,0.26313,0.41473,0.19901,1.49369,2.48965,2.5227,0.00493,0,0.0019142,0.0019142,0.0019142
15,104.564,1.46525,2.3572,3.55546,0.00938,1.32376,0.61788,0.25495,0.42043,0.21936,0.61801,0.26313,0.41473,0.19901,1.49369,2.48965,2.5227,0.00493,0,0.0019076,0.0019076,0.0019076
16,111.576,1.48769,2.29815,3.91708,0.01184,1.41037,0.52942,0.361,0.41914,0.21397,0.5223,0.36044,0.41023,0.18085,1.54048,2.48736,2.40055,0.00522,0,0.001901,0.001901,0.001901
17,118.272,1.4778,2.37113,4.23946,0.01269,1.28466,0.53178,0.36693,0.42045,0.21446,0.53815,0.37133,0.4144,0.18717,1.53759,2.56803,2.40277,0.00511,0,0.0018944,0.0018944,0.0018944
18,125.344,1.47175,2.4079,3.52472,0.00909,1.41616,0.47057,0.41023,0.42417,0.21906,0.48215,0.40879,0.41526,0.18655,1.5704,2.61186,2.27966,0.00514,0,0.0018878,0.0018878,0.0018878
19,132.547,1.50334,2.35512,3.36379,0.00968,1.19915,0.47057,0.41023,0.42417,0.21906,0.48215,0.40879,0.41526,0.18655,1.5704,2.61186,2.27966,0.00514,0,0.0018812,0.0018812,0.0018812
20,139.75,1.48723,2.22391,3.26692,0.01066,1.1928,0.43984,0.44176,0.44484,0.25242,0.46459,0.44615,0.45054,0.23354,1.56188,2.26918,2.09949,0.00519,0,0.0018746,0.0018746,0.0018746
21,146.346,1.47918,2.34855,3.70143,0.01172,1.33856,0.45975,0.45055,0.45818,0.26155,0.45975,0.45055,0.45529,0.24207,1.53849,2.18863,2.07036,0.00501,0,0.001868,0.001868,0.001868
22,153.106,1.41631,2.21356,3.24275,0.00911,1.22687,0.451,0.48132,0.45462,0.25816,0.48628,0.44835,0.45116,0.23731,1.56815,2.25849,2.06851,0.00506,0,0.0018614,0.0018614,0.0018614
23,160.032,1.47882,2.22526,3.29435,0.0103,1.18265,0.451,0.48132,0.45462,0.25816,0.48628,0.44835,0.45116,0.23731,1.56815,2.25849,2.06851,0.00506,0,0.0018548,0.0018548,0.0018548
24,166.521,1.39912,2.15925,3.48967,0.00944,1.09284,0.47854,0.48608,0.46667,0.26148,0.48915,0.47253,0.46426,0.24757,1.5956,2.22488,2.03931,0.00527,0,0.0018482,0.0018482,0.0018482
25,173.472,1.45005,2.16718,3.31315,0.00913,1.01,0.54082,0.4989,0.51177,0.29047,0.54288,0.5033,0.51751,0.27152,1.63582,2.16253,2.01652,0.00562,0,0.0018416,0.0018416,0.0018416
26,180.359,1.49181,2.3721,2.9122,0.0084,1.24922,0.53868,0.51584,0.50898,0.29068,0.54386,0.52527,0.51708,0.25974,1.56145,2.16057,2.01165,0.00523,0,0.001835,0.001835,0.001835
27,187.048,1.45114,2.19421,3.52641,0.01177,1.17835,0.53868,0.51584,0.50898,0.29068,0.54386,0.52527,0.51708,0.25974,1.56145,2.16057,2.01165,0.00523,0,0.0018284,0.0018284,0.0018284
28,193.814,1.4066,2.0832,2.62624,0.00788,0.97754,0.51074,0.49011,0.50061,0.27203,0.52253,0.48585,0.509,0.2495,1.5293,2.18663,1.99945,0.00492,0,0.0018218,0.0018218,0.0018218
29,200.714,1.46279,2.24682,3.21002,0.00893,1.0837,0.51844,0.46154,0.47646,0.26121,0.52067,0.46154,0.4833,0.2493,1.51078,2.27422,1.99664,0.00494,0,0.0018152,0.0018152,0.0018152
30,207.575,1.4002,2.15961,3.00662,0.00943,1.19778,0.47109,0.54027,0.49769,0.27413,0.46534,0.53368,0.48631,0.23377,1.57516,2.39777,1.86523,0.00523,0,0.0018086,0.0018086,0.0018086
31,214.496,1.48405,2.12776,2.90331,0.00896,1.00106,0.47109,0.54027,0.49769,0.27413,0.46534,0.53368,0.48631,0.23377,1.57516,2.39777,1.86523,0.00523,0,0.001802,0.001802,0.001802
32,221.371,1.42884,2.0585,2.75749,0.00898,1.03892,0.47784,0.54286,0.49809,0.28185,0.47093,0.52747,0.4806,0.23376,1.5636,2.32104,1.85925,0.00527,0,0.0017954,0.0017954,0.0017954
33,227.948,1.36012,2.02736,2.88487,0.01066,0.96026,0.49134,0.52438,0.50641,0.2957,0.48722,0.51999,0.49792,0.26231,1.51347,2.17724,1.82435,0.00514,0,0.0017888,0.0017888,0.0017888
34,234.788,1.38116,2.13575,2.82226,0.01045,0.98439,0.48343,0.5011,0.50862,0.30218,0.47148,0.52308,0.50913,0.27428,1.52082,2.16499,1.80969,0.00502,0,0.0017822,0.0017822,0.0017822
35,241.617,1.36954,2.00236,2.63104,0.00883,1.0665,0.48343,0.5011,0.50862,0.30218,0.47148,0.52308,0.50913,0.27428,1.52082,2.16499,1.80969,0.00502,0,0.0017756,0.0017756,0.0017756
36,248.645,1.36007,2.01696,2.69118,0.00846,0.92175,0.42766,0.52308,0.45569,0.2724,0.41793,0.5033,0.44303,0.22768,1.6121,2.3458,1.91853,0.00544,0,0.001769,0.001769,0.001769
37,255.633,1.33169,1.97456,2.86012,0.00996,0.88182,0.47145,0.51429,0.47157,0.27911,0.43093,0.53407,0.45543,0.22562,1.65416,2.39897,1.92819,0.00564,0,0.0017624,0.0017624,0.0017624
38,262.768,1.41727,2.15581,2.44041,0.00862,0.94136,0.57456,0.46813,0.51016,0.30348,0.4707,0.54724,0.50506,0.26121,1.55993,2.23163,1.90763,0.0053,0,0.0017558,0.0017558,0.0017558
39,269.809,1.29942,1.9395,2.56912,0.00805,0.90113,0.57456,0.46813,0.51016,0.30348,0.4707,0.54724,0.50506,0.26121,1.55993,2.23163,1.90763,0.0053,0,0.0017492,0.0017492,0.0017492
40,276.993,1.45513,2.05372,2.39519,0.00902,0.93815,0.52089,0.54286,0.50514,0.28328,0.50988,0.54945,0.50061,0.24829,1.61014,2.19891,1.97904,0.00542,0,0.0017426,0.0017426,0.0017426
41,283.773,1.36664,2.01233,3.03102,0.01186,0.90265,0.4695,0.56923,0.46974,0.24851,0.46043,0.55824,0.45341,0.20312,1.68989,2.31679,2.16339,0.00571,0,0.001736,0.001736,0.001736
42,291.151,1.38539,1.9746,2.40498,0.00746,0.98287,0.49299,0.52308,0.471,0.25086,0.48056,0.50989,0.44651,0.2066,1.60926,2.2301,2.06191,0.00538,0,0.0017294,0.0017294,0.0017294
43,297.844,1.27313,2.04879,2.92865,0.00976,0.96122,0.49299,0.52308,0.471,0.25086,0.48056,0.50989,0.44651,0.2066,1.60926,2.2301,2.06191,0.00538,0,0.0017228,0.0017228,0.0017228
44,304.697,1.35104,1.97969,2.45923,0.00958,0.90604,0.50585,0.49451,0.46847,0.26141,0.5122,0.5033,0.46986,0.22529,1.58797,2.09614,1.92742,0.00537,0,0.0017162,0.0017162,0.0017162
45,311.536,1.37174,2.09422,2.40605,0.0094,0.95179,0.48783,0.57582,0.4859,0.26449,0.49209,0.57917,0.47954,0.23082,1.56928,2.09058,2.06049,0.00536,0,0.0017096,0.0017096,0.0017096
46,319.24,1.44132,1.93959,2.69134,0.01135,0.92943,0.50884,0.54286,0.47597,0.2577,0.5083,0.54286,0.46546,0.23065,1.59866,2.15732,2.21044,0.00549,0,0.001703,0.001703,0.001703
47,326.403,1.37438,1.87206,2.27325,0.00878,0.91847,0.50884,0.54286,0.47597,0.2577,0.5083,0.54286,0.46546,0.23065,1.59866,2.15732,2.21044,0.00549,0,0.0016964,0.0016964,0.0016964
48,333.517,1.43747,1.93699,2.28372,0.00814,0.81542,0.51204,0.58462,0.49841,0.26601,0.51011,0.58242,0.50474,0.24993,1.62796,2.15472,2.01072,0.00572,0,0.0016898,0.0016898,0.0016898
49,340.242,1.4763,1.97959,2.40714,0.01041,0.89952,0.55155,0.56484,0.54258,0.29371,0.5455,0.57363,0.55009,0.27363,1.53595,2.06732,1.76989,0.0054,0,0.0016832,0.0016832,0.0016832
50,346.877,1.36748,1.90655,2.40301,0.01223,0.97852,0.56965,0.56703,0.56295,0.30924,0.56419,0.58022,0.56498,0.27372,1.55239,2.07514,1.71759,0.00528,0,0.0016766,0.0016766,0.0016766
51,354.025,1.41338,1.97145,2.34935,0.0092,0.93497,0.56965,0.56703,0.56295,0.30924,0.56419,0.58022,0.56498,0.27372,1.55239,2.07514,1.71759,0.00528,0,0.00167,0.00167,0.00167
52,361.092,1.42945,1.90539,2.46983,0.00886,0.78055,0.60005,0.54286,0.55978,0.29971,0.59172,0.53832,0.55474,0.25782,1.59337,2.12642,1.69624,0.00534,0,0.0016634,0.0016634,0.0016634
53,367.975,1.31803,1.89877,2.51182,0.00986,0.81929,0.56809,0.56044,0.56214,0.31054,0.5532,0.55824,0.54541,0.27101,1.56289,2.1509,1.71037,0.00541,0,0.0016568,0.0016568,0.0016568
54,374.879,1.29301,1.88555,2.3084,0.00883,0.86436,0.6262,0.53187,0.58172,0.32389,0.63159,0.51995,0.57686,0.3007,1.60336,2.09483,1.67176,0.00573,0,0.0016502,0.0016502,0.0016502
55,382.251,1.31133,1.71076,2.54481,0.01077,0.84543,0.6262,0.53187,0.58172,0.32389,0.63159,0.51995,0.57686,0.3007,1.60336,2.09483,1.67176,0.00573,0,0.0016436,0.0016436,0.0016436
56,389.518,1.39487,1.96177,2.53533,0.01381,1.03388,0.60081,0.53256,0.5807,0.31926,0.59527,0.53407,0.57506,0.30634,1.62333,2.13267,1.65679,0.00569,0,0.001637,0.001637,0.001637
57,397.199,1.37125,1.93147,2.15726,0.00907,0.9961,0.53361,0.52747,0.53943,0.30045,0.52193,0.52527,0.52852,0.25487,1.53979,2.26261,1.70766,0.00511,0,0.0016304,0.0016304,0.0016304
58,404.311,1.32287,1.89642,2.07158,0.00789,0.92138,0.4895,0.50769,0.49609,0.26986,0.50037,0.50624,0.48919,0.22226,1.59458,2.41847,1.77789,0.00552,0,0.0016238,0.0016238,0.0016238
59,411.179,1.33395,1.87663,2.3866,0.0117,0.825,0.4895,0.50769,0.49609,0.26986,0.50037,0.50624,0.48919,0.22226,1.59458,2.41847,1.77789,0.00552,0,0.0016172,0.0016172,0.0016172
60,418.235,1.35635,1.82457,2.03254,0.00791,0.86692,0.4686,0.52088,0.48475,0.27163,0.48249,0.53407,0.51015,0.23508,1.58031,2.31266,1.76633,0.00537,0,0.0016106,0.0016106,0.0016106
61,424.901,1.25372,1.81653,1.90833,0.00785,0.854,0.55996,0.54725,0.56303,0.32074,0.55512,0.57582,0.58744,0.28588,1.51469,2.17312,1.71774,0.00501,0,0.001604,0.001604,0.001604
62,431.742,1.30427,1.86795,2.09503,0.01013,0.92647,0.61115,0.51648,0.55963,0.31746,0.61048,0.51668,0.56318,0.27031,1.54126,2.19726,1.74942,0.00528,0,0.0015974,0.0015974,0.0015974
63,438.321,1.28022,1.84334,1.93029,0.00858,0.87256,0.61115,0.51648,0.55963,0.31746,0.61048,0.51668,0.56318,0.27031,1.54126,2.19726,1.74942,0.00528,0,0.0015908,0.0015908,0.0015908
64,445.238,1.33683,1.85741,2.0595,0.00894,0.80478,0.62885,0.51209,0.57407,0.32563,0.60105,0.50991,0.56406,0.26569,1.53345,2.23421,1.73586,0.00532,0,0.0015842,0.0015842,0.0015842
65,451.876,1.30587,1.82169,2.03879,0.00793,0.72519,0.59723,0.55385,0.59909,0.33085,0.59001,0.55034,0.5846,0.26876,1.56502,2.19169,1.85287,0.00535,0,0.0015776,0.0015776,0.0015776
66,458.869,1.31032,1.84133,1.92918,0.00795,0.76815,0.60594,0.59121,0.59149,0.32586,0.59693,0.58242,0.58439,0.27448,1.56432,2.11023,1.85544,0.00531,0,0.001571,0.001571,0.001571
67,465.924,1.34246,1.8433,2.03486,0.01039,0.80664,0.60594,0.59121,0.59149,0.32586,0.59693,0.58242,0.58439,0.27448,1.56432,2.11023,1.85544,0.00531,0,0.0015644,0.0015644,0.0015644
68,472.512,1.37648,1.86343,2.04935,0.01283,0.9076,0.55223,0.56484,0.56123,0.30771,0.55155,0.58117,0.56937,0.26487,1.53905,2.02907,1.67408,0.00528,0,0.0015578,0.0015578,0.0015578
69,479.43,1.31459,1.796,1.79908,0.00867,0.80794,0.52533,0.57143,0.52174,0.28025,0.52533,0.57143,0.52331,0.2384,1.58093,2.10991,1.80841,0.00543,0,0.0015512,0.0015512,0.0015512
70,486.325,1.26295,1.84426,1.78222,0.00733,0.87005,0.5582,0.54982,0.5284,0.28849,0.54468,0.53846,0.5138,0.24557,1.60226,2.18677,1.94733,0.00559,0,0.0015446,0.0015446,0.0015446
71,493.1,1.27459,1.82053,1.86015,0.0096,0.81836,0.5582,0.54982,0.5284,0.28849,0.54468,0.53846,0.5138,0.24557,1.60226,2.18677,1.94733,0.00559,0,0.001538,0.001538,0.001538
72,499.982,1.34455,1.89165,1.86982,0.00912,0.85211,0.59197,0.54945,0.55908,0.31911,0.59692,0.55824,0.56134,0.27972,1.58611,2.12863,1.84568,0.00561,0,0.0015314,0.0015314,0.0015314
73,506.618,1.32606,1.79529,1.81302,0.00793,0.76829,0.63294,0.54505,0.57663,0.3334,0.64357,0.55385,0.58587,0.29069,1.56739,2.0857,1.8101,0.0054,0,0.0015248,0.0015248,0.0015248
74,513.465,1.28167,1.86627,1.692,0.00788,0.81395,0.58722,0.56703,0.57022,0.31919,0.5986,0.57802,0.57492,0.27259,1.62427,2.14338,1.84905,0.00555,0,0.0015182,0.0015182,0.0015182
75,520.383,1.27585,1.8469,1.73442,0.00821,0.90312,0.58722,0.56703,0.57022,0.31919,0.5986,0.57802,0.57492,0.27259,1.62427,2.14338,1.84905,0.00555,0,0.0015116,0.0015116,0.0015116
76,526.972,1.28963,1.78958,1.73759,0.00779,0.81349,0.60817,0.56044,0.59246,0.34199,0.62101,0.56044,0.6046,0.29547,1.60415,2.11005,1.63304,0.00528,0,0.001505,0.001505,0.001505
77,533.87,1.21234,1.80601,1.68431,0.00718,0.90714,0.69516,0.54286,0.62051,0.37071,0.67017,0.55604,0.62953,0.32358,1.56243,2.05468,1.53777,0.00526,0,0.0014984,0.0014984,0.0014984
78,540.877,1.29882,1.82516,1.69917,0.00772,0.84648,0.56969,0.58462,0.60938,0.35177,0.56115,0.5978,0.60292,0.29007,1.61838,2.15176,1.71307,0.00552,0,0.0014918,0.0014918,0.0014918
79,547.628,1.37142,1.94616,1.79359,0.00885,0.85808,0.56969,0.58462,0.60938,0.35177,0.56115,0.5978,0.60292,0.29007,1.61838,2.15176,1.71307,0.00552,0,0.0014852,0.0014852,0.0014852
80,554.699,1.29647,1.71514,1.63861,0.00665,0.71327,0.62071,0.50989,0.58,0.3274,0.61335,0.5033,0.56554,0.25628,1.6161,2.17067,1.7424,0.00541,0,0.0014786,0.0014786,0.0014786
81,561.429,1.21622,1.78401,1.77649,0.00939,0.79389,0.60646,0.57577,0.60707,0.35083,0.60252,0.58022,0.60195,0.2945,1.53947,2.10871,1.57935,0.00502,0,0.001472,0.001472,0.001472
82,568.037,1.22117,1.7065,1.70583,0.00788,0.78289,0.61552,0.58462,0.61429,0.35632,0.61749,0.58462,0.60976,0.30891,1.5701,2.09611,1.56777,0.00518,0,0.0014654,0.0014654,0.0014654
83,574.597,1.19536,1.72834,1.88295,0.0078,0.82157,0.61552,0.58462,0.61429,0.35632,0.61749,0.58462,0.60976,0.30891,1.5701,2.09611,1.56777,0.00518,0,0.0014588,0.0014588,0.0014588
84,581.302,1.16278,1.70653,1.60307,0.00798,0.83185,0.58294,0.6,0.59906,0.33979,0.5669,0.6185,0.6033,0.30543,1.61437,2.11619,1.60731,0.00551,0,0.0014522,0.0014522,0.0014522
85,587.942,1.22607,1.75265,1.66264,0.0091,0.7614,0.56548,0.61758,0.61892,0.3485,0.5695,0.62198,0.61327,0.32017,1.59097,2.06005,1.57655,0.00536,0,0.0014456,0.0014456,0.0014456
86,594.726,1.21777,1.72709,1.53483,0.00671,0.69868,0.62243,0.62198,0.64362,0.36553,0.61159,0.63077,0.64075,0.33272,1.59816,1.99689,1.47409,0.00543,0,0.001439,0.001439,0.001439
87,601.7,1.26917,1.69698,1.43213,0.00683,0.71276,0.62243,0.62198,0.64362,0.36553,0.61159,0.63077,0.64075,0.33272,1.59816,1.99689,1.47409,0.00543,0,0.0014324,0.0014324,0.0014324
88,608.44,1.2095,1.76659,1.75382,0.00865,0.78101,0.61009,0.64307,0.63887,0.36609,0.61247,0.65275,0.64354,0.31019,1.5807,2.04959,1.4642,0.00533,0,0.0014258,0.0014258,0.0014258
89,615.122,1.28719,1.73412,1.61615,0.00903,0.75166,0.57107,0.65495,0.62071,0.34945,0.58163,0.65934,0.6285,0.28269,1.61496,2.14723,1.50515,0.00549,0,0.0014192,0.0014192,0.0014192
90,622.002,1.23612,1.75812,1.61855,0.0085,0.76466,0.57966,0.63736,0.63022,0.36647,0.58727,0.64835,0.63635,0.30509,1.53242,2.11653,1.47116,0.00514,0,0.0014126,0.0014126,0.0014126
91,628.782,1.24929,1.7684,1.82179,0.00974,0.7864,0.57966,0.63736,0.63022,0.36647,0.58727,0.64835,0.63635,0.30509,1.53242,2.11653,1.47116,0.00514,0,0.001406,0.001406,0.001406
92,635.432,1.21386,1.6917,1.63775,0.00948,0.69223,0.60255,0.66813,0.65022,0.38168,0.60052,0.67912,0.65439,0.32591,1.55629,2.06502,1.41992,0.00544,0,0.0013994,0.0013994,0.0013994
93,642.077,1.21969,1.68943,1.55901,0.01008,0.7573,0.57622,0.65055,0.62057,0.36668,0.58401,0.65934,0.6293,0.31243,1.5437,2.07468,1.48949,0.00536,0,0.0013928,0.0013928,0.0013928
94,648.524,1.19467,1.77404,1.5389,0.00745,0.7296,0.5988,0.58681,0.58687,0.34062,0.61359,0.6,0.60262,0.30346,1.60963,2.09487,1.58039,0.00568,0,0.0013862,0.0013862,0.0013862
95,655.432,1.2702,1.66101,1.64837,0.00912,0.76487,0.5988,0.58681,0.58687,0.34062,0.61359,0.6,0.60262,0.30346,1.60963,2.09487,1.58039,0.00568,0,0.0013796,0.0013796,0.0013796
96,662.292,1.22869,1.75664,1.46667,0.00843,0.75399,0.58906,0.61099,0.59149,0.35169,0.59858,0.61942,0.5989,0.31733,1.58776,2.07413,1.56094,0.00568,0,0.001373,0.001373,0.001373
97,669.122,1.33304,1.81465,1.48897,0.00849,0.85745,0.64289,0.61319,0.65988,0.38689,0.65313,0.62198,0.67356,0.36591,1.56238,2.02906,1.41589,0.00549,0,0.0013664,0.0013664,0.0013664
98,675.547,1.23506,1.55304,1.63233,0.01233,0.64678,0.64871,0.62418,0.67915,0.40314,0.62471,0.65495,0.69235,0.37638,1.53612,2.04325,1.42927,0.00526,0,0.0013598,0.0013598,0.0013598
99,682.153,1.27431,1.69201,1.58146,0.01078,0.71383,0.64871,0.62418,0.67915,0.40314,0.62471,0.65495,0.69235,0.37638,1.53612,2.04325,1.42927,0.00526,0,0.0013532,0.0013532,0.0013532
100,689.075,1.20503,1.64535,1.22936,0.00565,0.7819,0.62401,0.64176,0.65406,0.3914,0.62006,0.64615,0.65772,0.34187,1.54109,2.06397,1.52131,0.00531,0,0.0013466,0.0013466,0.0013466
101,695.988,1.35625,1.81749,1.58453,0.00937,0.86843,0.61985,0.62355,0.64208,0.3749,0.62422,0.62794,0.65176,0.3236,1.57422,2.05359,1.62443,0.00532,0,0.00134,0.00134,0.00134
102,702.836,1.32145,1.7521,1.65051,0.00936,0.87962,0.58232,0.65934,0.64065,0.36453,0.57907,0.66374,0.64987,0.31751,1.60886,2.01607,1.58234,0.00542,0,0.0013334,0.0013334,0.0013334
103,710.008,1.27622,1.63196,1.56108,0.01012,0.72936,0.58232,0.65934,0.64065,0.36453,0.57907,0.66374,0.64987,0.31751,1.60886,2.01607,1.58234,0.00542,0,0.0013268,0.0013268,0.0013268
104,716.631,1.27658,1.65313,1.53213,0.01045,0.71015,0.65406,0.61083,0.66821,0.3902,0.65773,0.61758,0.66625,0.33747,1.52677,1.99775,1.39248,0.00529,0,0.0013202,0.0013202,0.0013202
105,723.386,1.1835,1.71434,1.53824,0.00936,0.83468,0.65841,0.62857,0.67518,0.40564,0.65749,0.62862,0.66586,0.35121,1.51857,2.03088,1.38214,0.00541,0,0.0013136,0.0013136,0.0013136
106,730.164,1.30495,1.68013,1.59661,0.0097,0.71065,0.62427,0.66461,0.67587,0.40812,0.6351,0.66558,0.66347,0.34599,1.50293,2.12132,1.39156,0.00524,0,0.001307,0.001307,0.001307
107,736.912,1.24898,1.78911,1.35856,0.00769,0.75893,0.62427,0.66461,0.67587,0.40812,0.6351,0.66558,0.66347,0.34599,1.50293,2.12132,1.39156,0.00524,0,0.0013004,0.0013004,0.0013004
108,743.734,1.24035,1.72586,1.4247,0.00855,0.7676,0.61824,0.64421,0.64714,0.38353,0.62604,0.63736,0.65429,0.33249,1.53683,2.15514,1.44881,0.00538,0,0.0012938,0.0012938,0.0012938
109,750.697,1.23887,1.71774,1.76277,0.00972,0.93304,0.61742,0.64396,0.64223,0.3782,0.62698,0.64648,0.65006,0.33545,1.57381,2.09194,1.50802,0.00552,0,0.0012872,0.0012872,0.0012872
110,757.672,1.25573,1.61584,1.46958,0.00855,0.77894,0.67604,0.6044,0.66207,0.39075,0.68328,0.62418,0.67233,0.34883,1.56386,2.0488,1.41641,0.00533,0,0.0012806,0.0012806,0.0012806
111,764.398,1.24727,1.69862,1.41571,0.00923,0.81445,0.67604,0.6044,0.66207,0.39075,0.68328,0.62418,0.67233,0.34883,1.56386,2.0488,1.41641,0.00533,0,0.001274,0.001274,0.001274
112,771.453,1.21759,1.65406,1.38747,0.00793,0.69878,0.6685,0.61538,0.66436,0.39798,0.65402,0.63297,0.66327,0.33205,1.53066,2.15747,1.45551,0.0052,0,0.0012674,0.0012674,0.0012674
113,778.071,1.25204,1.64535,1.36305,0.00847,0.79367,0.66311,0.63297,0.67096,0.39949,0.64514,0.61932,0.64679,0.32461,1.55438,2.26253,1.43018,0.00539,0,0.0012608,0.0012608,0.0012608
114,784.828,1.23599,1.70713,1.33132,0.00762,0.7349,0.66746,0.63297,0.68154,0.4116,0.65706,0.63077,0.66463,0.32992,1.52242,2.23661,1.42292,0.00524,0,0.0012542,0.0012542,0.0012542
115,791.773,1.20254,1.66938,1.39477,0.00747,0.71633,0.66746,0.63297,0.68154,0.4116,0.65706,0.63077,0.66463,0.32992,1.52242,2.23661,1.42292,0.00524,0,0.0012476,0.0012476,0.0012476
116,798.668,1.23619,1.65773,1.31145,0.00676,0.81054,0.6511,0.64396,0.6873,0.4206,0.64326,0.63736,0.67198,0.33958,1.51341,2.13537,1.39487,0.00517,0,0.001241,0.001241,0.001241
117,805.483,1.17871,1.61591,1.38285,0.00798,0.71427,0.67262,0.58462,0.66621,0.39905,0.67801,0.57849,0.66198,0.33154,1.55435,2.06308,1.4473,0.00544,0,0.0012344,0.0012344,0.0012344
118,812.276,1.16307,1.49004,1.38895,0.00617,0.75796,0.58922,0.62857,0.63425,0.37227,0.61902,0.59121,0.6412,0.31785,1.60186,2.03484,1.45967,0.00546,0,0.0012278,0.0012278,0.0012278
119,819.123,1.21925,1.63985,1.21163,0.0071,0.78346,0.58922,0.62857,0.63425,0.37227,0.61902,0.59121,0.6412,0.31785,1.60186,2.03484,1.45967,0.00546,0,0.0012212,0.0012212,0.0012212
120,825.864,1.18627,1.58024,1.28258,0.00801,0.73289,0.6173,0.60621,0.63152,0.37815,0.59529,0.62857,0.63263,0.32115,1.56805,2.00188,1.48314,0.00532,0,0.0012146,0.0012146,0.0012146
121,832.833,1.25579,1.66257,1.28525,0.00882,0.69037,0.61672,0.6224,0.63429,0.37343,0.61369,0.62418,0.63948,0.33383,1.57975,1.99464,1.48192,0.00559,0,0.001208,0.001208,0.001208
122,839.631,1.15698,1.61645,1.33764,0.00761,0.67135,0.55745,0.65495,0.61236,0.35359,0.57944,0.61758,0.61258,0.3186,1.61509,2.02905,1.56303,0.00562,0,0.0012014,0.0012014,0.0012014
123,846.37,1.16066,1.57433,1.35163,0.00875,0.67768,0.55745,0.65495,0.61236,0.35359,0.57944,0.61758,0.61258,0.3186,1.61509,2.02905,1.56303,0.00562,0,0.0011948,0.0011948,0.0011948
124,853.36,1.22317,1.60141,1.27534,0.00756,0.79313,0.54811,0.62418,0.56654,0.32349,0.54744,0.61944,0.54871,0.27556,1.63138,2.09679,1.65853,0.00586,0,0.0011882,0.0011882,0.0011882
125,860.374,1.18209,1.5843,1.22028,0.00963,0.69956,0.55486,0.62736,0.59018,0.33431,0.57511,0.60687,0.57101,0.27798,1.66589,2.12931,1.56551,0.00599,0,0.0011816,0.0011816,0.0011816
126,867.315,1.26366,1.68514,1.37776,0.00748,0.79603,0.62134,0.58462,0.60726,0.35079,0.62134,0.58462,0.59643,0.29865,1.66407,2.11321,1.47109,0.00572,0,0.001175,0.001175,0.001175
127,874.091,1.24378,1.73971,1.21553,0.00739,0.75017,0.62134,0.58462,0.60726,0.35079,0.62134,0.58462,0.59643,0.29865,1.66407,2.11321,1.47109,0.00572,0,0.0011684,0.0011684,0.0011684
128,880.858,1.13423,1.57324,1.28637,0.00847,0.65902,0.6226,0.60659,0.63595,0.37094,0.5662,0.65495,0.6284,0.31736,1.61169,2.10246,1.43655,0.0054,0,0.0011618,0.0011618,0.0011618
129,887.919,1.1598,1.63476,1.15248,0.00752,0.73625,0.58061,0.64396,0.63774,0.37226,0.57268,0.63516,0.62333,0.32214,1.6066,2.11514,1.57453,0.00554,0,0.0011552,0.0011552,0.0011552
130,894.831,1.22152,1.70189,1.31979,0.00953,0.68289,0.63791,0.59121,0.64801,0.3745,0.63395,0.58997,0.63567,0.31295,1.56009,2.13377,1.55485,0.00519,0,0.0011486,0.0011486,0.0011486
131,901.789,1.11222,1.46758,1.1595,0.00639,0.70728,0.63791,0.59121,0.64801,0.3745,0.63395,0.58997,0.63567,0.31295,1.56009,2.13377,1.55485,0.00519,0,0.001142,0.001142,0.001142
132,908.647,1.19158,1.61988,1.32909,0.0092,0.77099,0.71096,0.55682,0.6581,0.39031,0.68329,0.54528,0.63763,0.31377,1.53782,2.13049,1.4127,0.00506,0,0.0011354,0.0011354,0.0011354
133,915.248,1.14219,1.67693,1.30387,0.00927,0.71,0.6555,0.57363,0.66004,0.39455,0.6661,0.55385,0.63718,0.31662,1.52329,2.15592,1.37297,0.00514,0,0.0011288,0.0011288,0.0011288
134,922.247,1.16333,1.62662,1.17723,0.00602,0.76305,0.63751,0.64176,0.68507,0.41557,0.61303,0.65934,0.66667,0.34346,1.53122,2.20235,1.34083,0.00498,0,0.0011222,0.0011222,0.0011222
135,929.048,1.25655,1.54591,1.31373,0.0103,0.68084,0.63751,0.64176,0.68507,0.41557,0.61303,0.65934,0.66667,0.34346,1.53122,2.20235,1.34083,0.00498,0,0.0011156,0.0011156,0.0011156
136,936.058,1.18122,1.59239,1.33797,0.00906,0.85815,0.62532,0.68592,0.68813,0.40758,0.62559,0.68791,0.67591,0.34076,1.5944,2.24533,1.42643,0.00523,0,0.001109,0.001109,0.001109
137,943.025,1.16867,1.5493,1.13186,0.00734,0.69195,0.6251,0.65229,0.68101,0.40366,0.62306,0.65714,0.67766,0.34454,1.58098,2.207,1.39421,0.00518,0,0.0011024,0.0011024,0.0011024
138,949.958,1.16524,1.59967,1.29414,0.01171,0.7956,0.6486,0.61661,0.65943,0.39251,0.63052,0.61133,0.64495,0.3408,1.56111,2.13521,1.41191,0.00528,0,0.0010958,0.0010958,0.0010958
139,956.667,1.17017,1.53644,1.32591,0.01078,0.71029,0.6486,0.61661,0.65943,0.39251,0.63052,0.61133,0.64495,0.3408,1.56111,2.13521,1.41191,0.00528,0,0.0010892,0.0010892,0.0010892
140,963.608,1.23068,1.6136,1.17504,0.00685,0.74646,0.64833,0.56923,0.63082,0.3728,0.63639,0.55824,0.61458,0.3176,1.56194,2.15909,1.49861,0.00522,0,0.0010826,0.0010826,0.0010826
141,970.641,1.1543,1.64799,1.10365,0.00586,0.73073,0.62363,0.54988,0.61789,0.35429,0.60369,0.5323,0.58883,0.2875,1.60978,2.25379,1.48637,0.00522,0,0.001076,0.001076,0.001076
142,977.529,1.20028,1.64292,1.14735,0.00715,0.72667,0.5997,0.58607,0.64344,0.37011,0.61108,0.54725,0.6169,0.30596,1.60198,2.22579,1.40063,0.00526,0,0.0010694,0.0010694,0.0010694
143,984.022,1.16531,1.53947,1.26135,0.00931,0.73583,0.5997,0.58607,0.64344,0.37011,0.61108,0.54725,0.6169,0.30596,1.60198,2.22579,1.40063,0.00526,0,0.0010628,0.0010628,0.0010628
144,990.61,1.09082,1.52603,1.08728,0.00802,0.70598,0.57309,0.63736,0.65258,0.38125,0.56321,0.62637,0.63181,0.31879,1.58187,2.1403,1.37843,0.00529,0,0.0010562,0.0010562,0.0010562
145,997.359,1.08794,1.58862,1.22584,0.00786,0.76758,0.64654,0.6022,0.66687,0.39099,0.6239,0.6052,0.6558,0.32384,1.60564,2.14394,1.32953,0.00548,0,0.0010496,0.0010496,0.0010496
146,1004.25,1.10718,1.38781,1.24855,0.00833,0.70391,0.6294,0.61099,0.66843,0.38778,0.57747,0.66374,0.65416,0.31061,1.62424,2.18972,1.36117,0.00557,0,0.001043,0.001043,0.001043
147,1010.84,1.1054,1.45026,1.30224,0.00994,0.67601,0.6294,0.61099,0.66843,0.38778,0.57747,0.66374,0.65416,0.31061,1.62424,2.18972,1.36117,0.00557,0,0.0010364,0.0010364,0.0010364
148,1018.16,1.10472,1.59942,1.09647,0.00598,0.6918,0.6115,0.62637,0.6586,0.37824,0.59266,0.62674,0.63829,0.30535,1.61877,2.23515,1.39543,0.00544,0,0.0010298,0.0010298,0.0010298
149,1025.3,1.15776,1.55844,1.0959,0.00644,0.7145,0.61204,0.63956,0.6651,0.3921,0.60806,0.63736,0.65603,0.33953,1.59143,2.11454,1.35718,0.0054,0,0.0010232,0.0010232,0.0010232
150,1032.59,1.13341,1.54934,1.11667,0.00839,0.68567,0.57998,0.68283,0.66704,0.39269,0.57811,0.68063,0.6602,0.34918,1.5936,2.06967,1.34601,0.0055,0,0.0010166,0.0010166,0.0010166
151,1039.76,1.0826,1.49345,1.15871,0.00701,0.7405,0.57998,0.68283,0.66704,0.39269,0.57811,0.68063,0.6602,0.34918,1.5936,2.06967,1.34601,0.0055,0,0.00101,0.00101,0.00101
152,1046.93,1.11213,1.52912,1.08671,0.00705,0.6916,0.61179,0.67192,0.66171,0.38411,0.60667,0.66813,0.65138,0.33419,1.61778,2.07732,1.35241,0.00558,0,0.0010034,0.0010034,0.0010034
153,1053.83,1.1314,1.56989,1.03608,0.00645,0.59307,0.60862,0.64935,0.66237,0.37749,0.59654,0.63692,0.64233,0.32071,1.65485,2.09215,1.40613,0.00576,0,0.0009968,0.0009968,0.0009968
154,1060.47,1.12471,1.58108,1.11639,0.00736,0.6827,0.61432,0.66862,0.67009,0.38113,0.6022,0.65544,0.64738,0.32578,1.63513,2.08936,1.43308,0.00558,0,0.0009902,0.0009902,0.0009902
155,1067.14,1.05693,1.62315,1.07398,0.0066,0.69804,0.61432,0.66862,0.67009,0.38113,0.6022,0.65544,0.64738,0.32578,1.63513,2.08936,1.43308,0.00558,0,0.0009836,0.0009836,0.0009836
156,1073.72,1.08981,1.57787,1.15908,0.0084,0.79727,0.5995,0.67692,0.67686,0.39861,0.58823,0.66374,0.65056,0.34118,1.61771,2.10791,1.32822,0.00543,0,0.000977,0.000977,0.000977
157,1080.51,1.00836,1.46809,1.00935,0.00776,0.76183,0.63328,0.63297,0.68107,0.40808,0.62628,0.62857,0.66532,0.35428,1.56733,2.12153,1.32384,0.00523,0,0.0009704,0.0009704,0.0009704
158,1087.24,1.10527,1.37659,1.06547,0.00954,0.64215,0.63823,0.64835,0.6791,0.41013,0.6253,0.64176,0.66263,0.35088,1.55213,2.15279,1.37655,0.00506,0,0.0009638,0.0009638,0.0009638
159,1093.91,1.03804,1.4472,1.04701,0.0078,0.72783,0.63823,0.64835,0.6791,0.41013,0.6253,0.64176,0.66263,0.35088,1.55213,2.15279,1.37655,0.00506,0,0.0009572,0.0009572,0.0009572
160,1100.98,1.10383,1.55107,0.98551,0.00644,0.73846,0.63339,0.65055,0.67804,0.40391,0.62589,0.63611,0.65724,0.34275,1.5501,2.16778,1.39602,0.00519,0,0.0009506,0.0009506,0.0009506
161,1107.91,1.21998,1.55447,1.051,0.00812,0.7296,0.6457,0.61538,0.66538,0.39359,0.64073,0.61147,0.65288,0.34755,1.55631,2.13193,1.42238,0.00535,0,0.000944,0.000944,0.000944
162,1114.78,1.09517,1.4818,1.00142,0.0079,0.64073,0.64881,0.61099,0.64828,0.38189,0.63537,0.61319,0.6421,0.33368,1.58835,2.12302,1.45904,0.00547,0,0.0009374,0.0009374,0.0009374
163,1121.69,1.01248,1.51499,1.033,0.00621,0.69469,0.64881,0.61099,0.64828,0.38189,0.63537,0.61319,0.6421,0.33368,1.58835,2.12302,1.45904,0.00547,0,0.0009308,0.0009308,0.0009308
164,1128.76,1.13866,1.47128,1.04835,0.00688,0.68127,0.58079,0.62637,0.61707,0.34751,0.55864,0.65495,0.60646,0.29358,1.6733,2.13732,1.48736,0.00565,0,0.0009242,0.0009242,0.0009242
165,1135.69,1.21989,1.45343,1.11301,0.01173,0.65938,0.60745,0.58681,0.61016,0.33987,0.59897,0.57802,0.5908,0.28342,1.69089,2.14125,1.49735,0.0057,0,0.0009176,0.0009176,0.0009176
166,1142.66,1.14722,1.54139,1.08515,0.0063,0.65967,0.58467,0.60332,0.60371,0.34841,0.56041,0.63516,0.59285,0.29046,1.61406,2.12569,1.46809,0.00536,0,0.000911,0.000911,0.000911
167,1149.59,1.11403,1.52912,1.0536,0.00741,0.77162,0.58467,0.60332,0.60371,0.34841,0.56041,0.63516,0.59285,0.29046,1.61406,2.12569,1.46809,0.00536,0,0.0009044,0.0009044,0.0009044
168,1156.43,1.06554,1.42425,1.08221,0.00696,0.60774,0.58738,0.59445,0.59888,0.3525,0.53403,0.63736,0.59156,0.29702,1.5752,2.11867,1.44236,0.00527,0,0.0008978,0.0008978,0.0008978
169,1163.62,1.13678,1.47662,0.97074,0.00631,0.6093,0.55459,0.64835,0.62108,0.36969,0.55353,0.65495,0.61013,0.30405,1.58375,2.1876,1.40407,0.00533,0,0.0008912,0.0008912,0.0008912
170,1170.42,1.07901,1.43798,0.98076,0.00756,0.65408,0.52205,0.66374,0.61231,0.36033,0.52514,0.65495,0.58936,0.28449,1.59694,2.26054,1.57635,0.00532,0,0.0008846,0.0008846,0.0008846
171,1177.19,1.07995,1.50076,1.18426,0.00816,0.65598,0.52205,0.66374,0.61231,0.36033,0.52514,0.65495,0.58936,0.28449,1.59694,2.26054,1.57635,0.00532,0,0.000878,0.000878,0.000878
172,1184.18,1.10018,1.42595,0.98747,0.00712,0.64671,0.53228,0.65934,0.61564,0.36491,0.5376,0.66593,0.60573,0.29684,1.5901,2.19065,1.53704,0.00534,0,0.0008714,0.0008714,0.0008714
173,1191.14,1.00519,1.4488,1.03085,0.00684,0.69075,0.57295,0.66813,0.63849,0.38413,0.58847,0.66374,0.63375,0.31753,1.56362,2.0669,1.39344,0.00514,0,0.0008648,0.0008648,0.0008648
174,1197.79,0.98331,1.31771,0.91899,0.00641,0.63653,0.597,0.67253,0.6472,0.39044,0.59505,0.67033,0.63554,0.31958,1.56342,2.04706,1.33546,0.00514,0,0.0008582,0.0008582,0.0008582
175,1204.31,1.04208,1.46895,1.02142,0.0069,0.72967,0.597,0.67253,0.6472,0.39044,0.59505,0.67033,0.63554,0.31958,1.56342,2.04706,1.33546,0.00514,0,0.0008516,0.0008516,0.0008516
176,1211.16,0.99281,1.31759,0.94015,0.00751,0.60924,0.58712,0.67692,0.64989,0.38469,0.59989,0.66154,0.64182,0.31649,1.57859,2.05987,1.3242,0.00518,0,0.000845,0.000845,0.000845
177,1217.63,0.99934,1.40756,0.93199,0.00603,0.66289,0.60243,0.6694,0.66011,0.39153,0.60543,0.66593,0.65911,0.31965,1.57001,2.07476,1.33167,0.00521,0,0.0008384,0.0008384,0.0008384
178,1224.52,1.02202,1.42662,0.93344,0.00736,0.71634,0.61925,0.66154,0.67157,0.40037,0.61368,0.65275,0.65367,0.3289,1.55478,2.06931,1.35449,0.00523,0,0.0008318,0.0008318,0.0008318
179,1231.1,1.03114,1.38977,1.08013,0.00906,0.64998,0.61925,0.66154,0.67157,0.40037,0.61368,0.65275,0.65367,0.3289,1.55478,2.06931,1.35449,0.00523,0,0.0008252,0.0008252,0.0008252
180,1237.97,1.04068,1.5393,0.96097,0.00589,0.66412,0.65624,0.65452,0.67877,0.40102,0.64419,0.65055,0.6569,0.32777,1.57906,2.08002,1.3874,0.00523,0,0.0008186,0.0008186,0.0008186
181,1244.53,1.03081,1.5749,0.96855,0.00638,0.78879,0.64837,0.64835,0.67164,0.39687,0.63921,0.66154,0.64928,0.3247,1.57775,2.1173,1.439,0.00521,0,0.000812,0.000812,0.000812
182,1251.05,1.04869,1.52429,1.00111,0.00659,0.67247,0.62149,0.67844,0.66407,0.38822,0.61299,0.67253,0.63452,0.32441,1.62541,2.21876,1.43542,0.00541,0,0.0008054,0.0008054,0.0008054
183,1257.64,1.04823,1.55832,1.11033,0.00995,0.64873,0.62149,0.67844,0.66407,0.38822,0.61299,0.67253,0.63452,0.32441,1.62541,2.21876,1.43542,0.00541,0,0.0007988,0.0007988,0.0007988
184,1264.3,1.01175,1.38941,0.90255,0.00625,0.65091,0.61405,0.65934,0.64914,0.37242,0.60501,0.64835,0.61524,0.31561,1.66968,2.27346,1.42575,0.00565,0,0.0007922,0.0007922,0.0007922
185,1270.92,1.06066,1.46463,1.05947,0.00898,0.72873,0.61579,0.63077,0.63361,0.37075,0.61102,0.63522,0.61551,0.31677,1.64526,2.19091,1.43767,0.00557,0,0.0007856,0.0007856,0.0007856
186,1277.77,0.99429,1.43417,1.01816,0.00638,0.71884,0.60818,0.61065,0.62113,0.36782,0.60962,0.61434,0.61058,0.31491,1.60287,2.10425,1.47001,0.00544,0,0.000779,0.000779,0.000779
187,1284.63,1.01601,1.48441,0.99046,0.00589,0.80606,0.60818,0.61065,0.62113,0.36782,0.60962,0.61434,0.61058,0.31491,1.60287,2.10425,1.47001,0.00544,0,0.0007724,0.0007724,0.0007724
188,1291.3,1.00912,1.42975,0.93655,0.00625,0.68129,0.61589,0.61318,0.62024,0.36788,0.57918,0.63736,0.59829,0.31334,1.60061,2.0711,1.45643,0.00539,0,0.0007658,0.0007658,0.0007658
189,1298.17,0.99131,1.37445,0.88055,0.00523,0.64648,0.62144,0.63859,0.63545,0.37384,0.61325,0.6691,0.62226,0.31877,1.63213,2.07912,1.42937,0.00554,0,0.0007592,0.0007592,0.0007592
190,1305,1.0489,1.44473,0.95438,0.00648,0.70609,0.62849,0.64835,0.64992,0.3836,0.63275,0.65275,0.64199,0.32657,1.65569,2.12255,1.45856,0.0057,0,0.0007526,0.0007526,0.0007526
191,1311.88,1.05747,1.47274,0.90199,0.00616,0.67183,0.62849,0.64835,0.64992,0.3836,0.63275,0.65275,0.64199,0.32657,1.65569,2.12255,1.45856,0.0057,0,0.000746,0.000746,0.000746
192,1318.78,1.07881,1.55141,0.90951,0.0054,0.72771,0.62855,0.65714,0.65716,0.39368,0.63166,0.65958,0.65164,0.34121,1.64553,2.11868,1.45238,0.00554,0,0.0007394,0.0007394,0.0007394
193,1325.3,1.02303,1.30603,1.03839,0.01084,0.5973,0.61982,0.65055,0.65975,0.39537,0.60558,0.66154,0.65078,0.35004,1.62324,2.1087,1.40708,0.0055,0,0.0007328,0.0007328,0.0007328
194,1332.26,1.03312,1.58103,0.94175,0.00524,0.76151,0.61381,0.61978,0.65153,0.39399,0.62568,0.61758,0.64151,0.35048,1.59755,2.0816,1.39733,0.00529,0,0.0007262,0.0007262,0.0007262
195,1338.96,1.05657,1.40908,0.97607,0.00681,0.63215,0.61381,0.61978,0.65153,0.39399,0.62568,0.61758,0.64151,0.35048,1.59755,2.0816,1.39733,0.00529,0,0.0007196,0.0007196,0.0007196
196,1345.77,1.02607,1.39194,0.89099,0.00653,0.60106,0.60659,0.61336,0.62241,0.3718,0.59874,0.6022,0.60746,0.31941,1.62532,2.12465,1.42549,0.00549,0,0.000713,0.000713,0.000713
197,1352.7,1.10765,1.45281,0.91031,0.00765,0.636,0.5898,0.61099,0.60935,0.36167,0.58318,0.5978,0.59472,0.30871,1.60871,2.14811,1.45319,0.00542,0,0.0007064,0.0007064,0.0007064
198,1359.62,0.98657,1.44933,0.819,0.00541,0.65258,0.59707,0.6,0.61659,0.36418,0.5913,0.5956,0.60013,0.31686,1.62307,2.15093,1.4282,0.0055,0,0.0006998,0.0006998,0.0006998
