epoch,time,train/box_loss,train/seg_loss,train/cls_loss,train/dfl_loss,train/sem_loss,metrics/precision(B),metrics/recall(B),metrics/mAP50(B),metrics/mAP50-95(B),metrics/precision(M),metrics/recall(M),metrics/mAP50(M),metrics/mAP50-95(M),val/box_loss,val/seg_loss,val/cls_loss,val/dfl_loss,val/sem_loss,lr/pg0,lr/pg1,lr/pg2
1,10.7621,2.30436,4.4789,4.91576,0.01236,5.31548,0.00813,0.08026,0.00551,0.0021,0.004,0.03947,0.00235,0.00075,1.96528,3.74788,3.83027,0.0111,0,0.00058,0.00058,0.00058
2,19.544,2.34188,4.5615,5.21509,0.01811,5.36698,0.00853,0.08421,0.00489,0.0016,0.00253,0.025,0.00136,0.00045,2.13727,3.89143,3.8873,0.01194,0,0.00117611,0.00117611,0.00117611
3,28.8231,2.09599,3.86264,4.24614,0.01075,4.80064,0.01987,0.19605,0.01356,0.00466,0.01933,0.19079,0.01302,0.00418,2.30805,3.69408,3.68478,0.0124,0,0.00176825,0.00176825,0.00176825
4,38.6079,1.84069,3.54616,4.22769,0.00999,3.92528,0.02053,0.20263,0.02917,0.00874,0.01213,0.11974,0.01603,0.00415,1.96539,3.94629,3.67615,0.01104,0,0.0019802,0.0019802,0.0019802
5,47.9663,1.91868,3.56013,3.99598,0.00999,3.07789,0.02973,0.29342,0.03928,0.01344,0.02573,0.25395,0.03301,0.01098,1.79565,3.16697,3.40296,0.01044,0,0.0019736,0.0019736,0.0019736
6,57.6089,1.75347,3.09945,4.02264,0.01019,2.41445,0.0596,0.58816,0.18261,0.08254,0.05632,0.55526,0.18442,0.0829,1.80697,3.60595,3.16782,0.01052,0,0.001967,0.001967,0.001967
7,66.806,1.67894,2.73059,3.71703,0.01039,1.96856,0.32572,0.27368,0.25847,0.11731,0.33585,0.28553,0.26203,0.10811,1.6326,3.02622,2.96441,0.00907,0,0.0019604,0.0019604,0.0019604
8,75.8396,1.71899,2.60393,3.46131,0.01035,1.82527,0.31419,0.30682,0.26606,0.12524,0.30725,0.32237,0.27737,0.13595,1.5125,2.59678,2.86512,0.00817,0,0.0019538,0.0019538,0.0019538
9,85.1406,1.62602,2.62585,3.53389,0.01,1.72202,0.31419,0.30682,0.26606,0.12524,0.30725,0.32237,0.27737,0.13595,1.5125,2.59678,2.86512,0.00817,0,0.0019472,0.0019472,0.0019472
10,93.9561,1.6243,3.11933,4.25034,0.01097,1.50091,0.34544,0.31711,0.29038,0.15403,0.32485,0.33158,0.29532,0.14099,1.45765,2.47269,2.85871,0.00769,0,0.0019406,0.0019406,0.0019406
11,102.955,1.51402,2.45824,3.11362,0.00765,1.42023,0.40649,0.33421,0.33473,0.17218,0.41838,0.33695,0.34294,0.18333,1.38128,2.16612,2.64973,0.00706,0,0.001934,0.001934,0.001934
12,112.03,1.52751,2.33941,3.59556,0.01048,1.39688,0.45789,0.275,0.33203,0.16261,0.49474,0.26842,0.34021,0.18018,1.52926,2.20721,2.74329,0.0076,0,0.0019274,0.0019274,0.0019274
13,121.467,1.53948,2.39756,3.19313,0.00882,1.3603,0.45405,0.31974,0.34829,0.19363,0.46685,0.32237,0.35845,0.18419,1.40001,2.13291,2.58075,0.00728,0,0.0019208,0.0019208,0.0019208
14,130.657,1.4997,2.29638,3.01638,0.00707,1.25971,0.40598,0.38684,0.3553,0.20073,0.41565,0.39605,0.36723,0.19282,1.37775,2.11106,2.52566,0.00719,0,0.0019142,0.0019142,0.0019142
15,140.142,1.55518,2.19195,3.29723,0.00784,1.30493,0.36457,0.43421,0.35268,0.20591,0.37524,0.42895,0.35837,0.19184,1.39318,2.10942,2.43999,0.00755,0,0.0019076,0.0019076,0.0019076
16,149.528,1.50871,2.25869,2.92214,0.0079,1.19401,0.42745,0.38684,0.37275,0.22922,0.42762,0.4,0.38805,0.20051,1.41124,2.08529,2.31736,0.00774,0,0.001901,0.001901,0.001901
17,158.74,1.52099,2.15531,3.01956,0.00854,1.11978,0.49611,0.40263,0.43444,0.26379,0.50099,0.4,0.43535,0.2326,1.35243,2.11525,2.12209,0.00762,0,0.0018944,0.0018944,0.0018944
18,167.762,1.55024,2.18693,3.60228,0.00943,1.19445,0.4961,0.40526,0.417,0.24709,0.49449,0.40395,0.41781,0.21164,1.37465,2.04763,2.12439,0.00778,0,0.0018878,0.0018878,0.0018878
19,176.673,1.49309,2.03381,2.84685,0.0089,1.14077,0.46658,0.44196,0.42282,0.25119,0.47816,0.43684,0.42196,0.21262,1.41152,1.99293,2.14733,0.00811,0,0.0018812,0.0018812,0.0018812
20,185.947,1.51961,2.29782,2.77286,0.0073,1.26587,0.5312,0.43026,0.44523,0.24996,0.53264,0.42763,0.44375,0.23051,1.42575,1.91489,2.16993,0.00805,0,0.0018746,0.0018746,0.0018746
21,195.448,1.52066,2.19377,2.64961,0.00711,1.15602,0.54802,0.47861,0.48829,0.28702,0.53965,0.46842,0.48217,0.25445,1.40565,1.92101,2.06096,0.00776,0,0.001868,0.001868,0.001868
22,204.342,1.43149,2.12667,2.96701,0.0091,1.08245,0.50345,0.50921,0.47457,0.29227,0.50017,0.51053,0.47117,0.24745,1.37913,1.94537,2.07825,0.00764,0,0.0018614,0.0018614,0.0018614
23,213.513,1.40116,1.94735,2.3859,0.00696,1.01638,0.49865,0.51447,0.48094,0.299,0.50067,0.51842,0.48095,0.25188,1.38326,1.94836,2.0465,0.00768,0,0.0018548,0.0018548,0.0018548
24,222.591,1.50648,2.15539,2.86216,0.00842,1.09649,0.48855,0.51184,0.47243,0.29714,0.4898,0.51316,0.46685,0.24069,1.33915,1.92153,1.97512,0.00713,0,0.0018482,0.0018482,0.0018482
25,231.31,1.40606,1.98272,2.49122,0.00786,0.96588,0.48855,0.51184,0.47243,0.29714,0.4898,0.51316,0.46685,0.24069,1.33915,1.92153,1.97512,0.00713,0,0.0018416,0.0018416,0.0018416
26,240.403,1.42222,2.03363,2.65509,0.00795,1.02749,0.51328,0.49605,0.47816,0.28844,0.51486,0.48315,0.47286,0.24976,1.33706,1.94995,2.05023,0.00687,0,0.001835,0.001835,0.001835
27,249.63,1.48206,2.11056,2.49527,0.00746,0.99549,0.5189,0.45658,0.45813,0.27426,0.52638,0.46316,0.46516,0.23553,1.35271,1.96209,2.08862,0.00679,0,0.0018284,0.0018284,0.0018284
28,258.703,1.3898,2.10996,2.41567,0.00757,1.06637,0.5379,0.42732,0.43743,0.2574,0.53856,0.42232,0.43596,0.21922,1.33798,1.95944,2.26605,0.00646,0,0.0018218,0.0018218,0.0018218
29,268.154,1.43257,2.00278,2.24367,0.00658,0.84123,0.52664,0.45789,0.46704,0.2807,0.52815,0.45921,0.46314,0.23102,1.30279,1.93751,2.07208,0.00659,0,0.0018152,0.0018152,0.0018152
30,277.558,1.49627,2.1358,2.25356,0.00745,1.0213,0.48448,0.53543,0.46616,0.28031,0.48021,0.53421,0.4586,0.23015,1.34764,1.93667,1.93441,0.0069,0,0.0018086,0.0018086,0.0018086
31,286.42,1.42845,2.0382,2.37307,0.00784,1.02395,0.54209,0.53289,0.49786,0.29664,0.53754,0.52895,0.48373,0.24226,1.35171,1.91323,1.89911,0.00701,0,0.001802,0.001802,0.001802
32,295.375,1.45756,2.07304,2.28707,0.00787,1.08396,0.54213,0.51184,0.49759,0.31561,0.54213,0.51184,0.49379,0.24372,1.29358,1.89266,1.87209,0.00643,0,0.0017954,0.0017954,0.0017954
33,304.399,1.47025,2.13599,2.60016,0.00805,0.9385,0.53843,0.48947,0.4908,0.30596,0.5283,0.48026,0.4743,0.23937,1.2674,1.90968,1.89185,0.00614,0,0.0017888,0.0017888,0.0017888
34,313.63,1.40305,2.07693,2.40835,0.00835,0.9329,0.49182,0.47237,0.45924,0.2688,0.48547,0.46928,0.44564,0.23044,1.32637,1.94337,1.87342,0.00643,0,0.0017822,0.0017822,0.0017822
35,322.563,1.44353,1.99053,2.27113,0.00795,1.01056,0.44765,0.49605,0.43117,0.24027,0.45182,0.50132,0.43988,0.23588,1.37168,1.86791,1.94995,0.00657,0,0.0017756,0.0017756,0.0017756
36,332.059,1.43296,1.9804,1.85899,0.00571,1.0219,0.51451,0.4755,0.46136,0.27024,0.50231,0.49868,0.46772,0.25192,1.31452,1.85545,1.91151,0.00625,0,0.001769,0.001769,0.001769
37,341.378,1.3788,1.93545,2.13396,0.00689,0.96832,0.5122,0.53289,0.49959,0.30663,0.52542,0.51711,0.50355,0.25215,1.32989,1.8305,1.81796,0.00649,0,0.0017624,0.0017624,0.0017624
38,350.671,1.3887,1.96486,2.18446,0.00864,0.96397,0.56578,0.52237,0.51526,0.31027,0.5487,0.52632,0.50713,0.25507,1.39923,1.83306,1.86007,0.00702,0,0.0017558,0.0017558,0.0017558
39,359.761,1.43447,1.96781,2.25124,0.00888,0.90695,0.57135,0.5,0.50009,0.31029,0.54544,0.49737,0.49377,0.25271,1.37577,1.8349,1.9024,0.00695,0,0.0017492,0.0017492,0.0017492
40,368.91,1.41197,1.94421,2.15367,0.00832,0.96104,0.53636,0.51974,0.49127,0.30619,0.55281,0.49868,0.48963,0.25169,1.38483,1.87704,1.8991,0.00708,0,0.0017426,0.0017426,0.0017426
41,378.278,1.44071,1.89535,1.9219,0.00612,0.96509,0.53636,0.51974,0.49127,0.30619,0.55281,0.49868,0.48963,0.25169,1.38483,1.87704,1.8991,0.00708,0,0.001736,0.001736,0.001736
42,387.645,1.43038,1.86567,2.41813,0.0091,0.93315,0.53287,0.53289,0.4894,0.30113,0.53536,0.51849,0.49266,0.25845,1.3957,1.84488,1.91579,0.00691,0,0.0017294,0.0017294,0.0017294
43,397.172,1.39228,1.91373,2.10807,0.00817,0.86147,0.5769,0.47902,0.48818,0.2915,0.58007,0.48165,0.48965,0.25592,1.42569,1.86524,1.9752,0.00695,0,0.0017228,0.0017228,0.0017228
44,406.703,1.41031,1.95863,2.10082,0.00783,0.84897,0.55271,0.46974,0.4924,0.28905,0.54643,0.48289,0.49049,0.2512,1.39802,1.88154,1.86136,0.00649,0,0.0017162,0.0017162,0.0017162
45,416.701,1.35513,1.85579,2.11651,0.00727,0.85484,0.53215,0.49342,0.50504,0.30113,0.58726,0.46053,0.50066,0.24608,1.35487,1.89209,1.71013,0.00671,0,0.0017096,0.0017096,0.0017096
46,426.485,1.34561,1.92647,1.99588,0.00717,0.78104,0.57456,0.53947,0.53527,0.32159,0.55811,0.52895,0.52924,0.27498,1.34389,1.83624,1.69431,0.00677,0,0.001703,0.001703,0.001703
47,436.334,1.40103,1.92784,1.87885,0.0073,0.85248,0.56422,0.57632,0.55151,0.32782,0.55893,0.58553,0.55284,0.28653,1.39122,1.78887,1.69968,0.00708,0,0.0016964,0.0016964,0.0016964
48,445.734,1.45479,1.96964,1.98102,0.00757,0.88636,0.5993,0.51842,0.53327,0.32504,0.60483,0.52368,0.53836,0.2718,1.36474,1.81464,1.78691,0.00679,0,0.0016898,0.0016898,0.0016898
49,454.722,1.34166,1.84108,2.11074,0.00909,0.82518,0.53956,0.54582,0.50392,0.31132,0.54147,0.56247,0.51182,0.24743,1.34616,1.81773,1.77742,0.00671,0,0.0016832,0.0016832,0.0016832
50,464.097,1.36982,1.87807,2.0033,0.00844,0.89394,0.52706,0.56053,0.50369,0.31167,0.54406,0.54797,0.50891,0.24533,1.34742,1.81785,1.71817,0.00675,0,0.0016766,0.0016766,0.0016766
51,473.189,1.38304,1.91733,1.79123,0.00709,0.82958,0.52372,0.52954,0.49993,0.30092,0.52388,0.52895,0.49991,0.2504,1.33296,1.8533,1.77477,0.00679,0,0.00167,0.00167,0.00167
52,482.496,1.3087,1.88912,1.68771,0.00691,0.9489,0.5376,0.53847,0.49741,0.30492,0.54573,0.53553,0.50491,0.26021,1.33443,1.85089,1.84278,0.00654,0,0.0016634,0.0016634,0.0016634
53,491.772,1.36728,1.8639,1.96142,0.00841,0.76995,0.5664,0.55173,0.51282,0.31784,0.56718,0.5552,0.51829,0.26663,1.35866,1.81878,1.76822,0.00661,0,0.0016568,0.0016568,0.0016568
54,500.893,1.37042,1.8154,1.73716,0.00769,0.86445,0.54662,0.56711,0.52004,0.32368,0.54442,0.56974,0.52745,0.27062,1.36488,1.82171,1.75581,0.00651,0,0.0016502,0.0016502,0.0016502
55,510.288,1.36209,1.88342,1.7348,0.00697,0.79171,0.5687,0.57427,0.53572,0.33935,0.57128,0.575,0.54612,0.28367,1.30063,1.78195,1.74887,0.00646,0,0.0016436,0.0016436,0.0016436
56,519.505,1.34766,1.83329,1.76765,0.00728,0.82186,0.5792,0.58026,0.5669,0.34913,0.58028,0.57849,0.56797,0.29167,1.32924,1.75165,1.71738,0.00675,0,0.001637,0.001637,0.001637
57,528.255,1.35017,1.73864,1.92308,0.01004,0.75834,0.5792,0.58026,0.5669,0.34913,0.58028,0.57849,0.56797,0.29167,1.32924,1.75165,1.71738,0.00675,0,0.0016304,0.0016304,0.0016304
58,537.785,1.36516,1.87965,1.59552,0.00606,0.82965,0.56966,0.61309,0.57032,0.35171,0.59743,0.59211,0.57164,0.2935,1.29476,1.74947,1.69407,0.00651,0,0.0016238,0.0016238,0.0016238
59,547.014,1.33284,1.7823,1.6674,0.00705,0.8455,0.59086,0.60658,0.57424,0.36049,0.60199,0.60658,0.57391,0.30129,1.32495,1.76093,1.61084,0.00644,0,0.0016172,0.0016172,0.0016172
60,555.869,1.35634,1.74554,1.6972,0.00776,0.75569,0.58933,0.54474,0.55307,0.34371,0.56535,0.58026,0.56134,0.29503,1.36194,1.76466,1.58782,0.00659,0,0.0016106,0.0016106,0.0016106
61,565.003,1.30241,1.83756,1.71686,0.00729,0.86257,0.52795,0.56447,0.53392,0.329,0.5413,0.57237,0.54422,0.2914,1.31438,1.74466,1.63766,0.00638,0,0.001604,0.001604,0.001604
62,574.385,1.32633,1.75201,1.62826,0.00723,0.86226,0.54426,0.56184,0.54761,0.34059,0.54727,0.57102,0.55458,0.29629,1.30074,1.74166,1.66492,0.00633,0,0.0015974,0.0015974,0.0015974
63,583.558,1.29988,1.89104,1.74544,0.00714,0.90587,0.56891,0.58158,0.5725,0.36445,0.58587,0.55657,0.56787,0.29963,1.33908,1.75198,1.64881,0.00708,0,0.0015908,0.0015908,0.0015908
64,592.436,1.32703,1.80648,1.85306,0.00902,0.76226,0.64274,0.53158,0.57174,0.3605,0.60626,0.54211,0.56629,0.30274,1.36003,1.7619,1.81969,0.00709,0,0.0015842,0.0015842,0.0015842
65,601.621,1.3083,1.60833,1.64997,0.0078,0.81897,0.63309,0.53553,0.57874,0.36436,0.63211,0.53421,0.57483,0.31745,1.36811,1.75369,1.82266,0.00725,0,0.0015776,0.0015776,0.0015776
66,610.546,1.28399,1.70412,1.64898,0.00821,0.79983,0.56219,0.58967,0.56593,0.34674,0.5736,0.59342,0.57466,0.30736,1.39551,1.75822,1.80152,0.00741,0,0.001571,0.001571,0.001571
67,619.511,1.3254,1.75774,1.84262,0.00832,0.73351,0.5628,0.55526,0.55073,0.33879,0.57216,0.57763,0.56832,0.29079,1.3892,1.74043,1.71111,0.00701,0,0.0015644,0.0015644,0.0015644
68,628.692,1.26371,1.70156,1.57246,0.00675,0.79676,0.56886,0.56184,0.54561,0.33921,0.55623,0.575,0.54771,0.27693,1.36634,1.74899,1.64658,0.00676,0,0.0015578,0.0015578,0.0015578
69,637.568,1.31179,1.70896,1.56255,0.0074,0.75407,0.56349,0.60789,0.5662,0.34875,0.56727,0.60789,0.56144,0.29261,1.35843,1.74241,1.55658,0.00673,0,0.0015512,0.0015512,0.0015512
70,647.042,1.37335,1.79115,1.60026,0.00757,0.83318,0.5873,0.61604,0.5843,0.36091,0.59514,0.61184,0.59351,0.31783,1.40969,1.75295,1.55902,0.00738,0,0.0015446,0.0015446,0.0015446
71,656.177,1.28359,1.74891,1.69269,0.00751,0.83156,0.58108,0.55848,0.54507,0.32107,0.59431,0.55921,0.55516,0.28758,1.39764,1.8013,1.7859,0.00727,0,0.001538,0.001538,0.001538
72,665.392,1.30894,1.77426,1.43986,0.00599,0.78355,0.57784,0.57895,0.56446,0.34338,0.59309,0.56384,0.56518,0.28649,1.35644,1.76794,1.73912,0.00723,0,0.0015314,0.0015314,0.0015314
73,674.369,1.31093,1.83224,1.56152,0.00733,0.8111,0.57784,0.57895,0.56446,0.34338,0.59309,0.56384,0.56518,0.28649,1.35644,1.76794,1.73912,0.00723,0,0.0015248,0.0015248,0.0015248
74,683.455,1.27627,1.71379,1.53793,0.00772,0.7571,0.6193,0.57368,0.58062,0.35736,0.61115,0.57078,0.58235,0.29068,1.34872,1.78378,1.70578,0.00689,0,0.0015182,0.0015182,0.0015182
75,692.274,1.27689,1.87505,1.55688,0.00854,0.88107,0.59874,0.58289,0.59858,0.36427,0.60057,0.58684,0.60423,0.32145,1.3331,1.75648,1.72772,0.00669,0,0.0015116,0.0015116,0.0015116
76,701.368,1.27203,1.74257,1.38676,0.00598,0.70512,0.64775,0.56618,0.60657,0.37298,0.6417,0.57237,0.60811,0.33193,1.33037,1.77332,1.71399,0.00667,0,0.001505,0.001505,0.001505
77,710.438,1.24542,1.75135,1.36154,0.00747,0.79292,0.62765,0.6,0.61254,0.37955,0.62416,0.57905,0.59195,0.304,1.3407,1.81257,1.62578,0.00671,0,0.0014984,0.0014984,0.0014984
78,719.565,1.30072,1.70876,1.57477,0.00783,0.73412,0.60255,0.60395,0.59477,0.36517,0.59204,0.59342,0.57999,0.28537,1.35723,1.80199,1.67854,0.00682,0,0.0014918,0.0014918,0.0014918
79,729.258,1.26501,1.63141,1.18506,0.00517,0.78222,0.60341,0.5946,0.58542,0.36597,0.60102,0.6,0.58044,0.29537,1.32568,1.76526,1.77637,0.00659,0,0.0014852,0.0014852,0.0014852
80,738.589,1.27824,1.74261,1.39443,0.0059,0.84046,0.59757,0.60395,0.58804,0.36867,0.59757,0.60395,0.58527,0.31413,1.31903,1.74698,1.74755,0.00658,0,0.0014786,0.0014786,0.0014786
81,747.757,1.27904,1.75528,1.40107,0.00756,0.82664,0.63903,0.57632,0.59214,0.36665,0.63317,0.59737,0.59547,0.32441,1.35278,1.73288,1.70166,0.00691,0,0.001472,0.001472,0.001472
82,757.064,1.30948,1.78668,1.46086,0.00723,0.76732,0.65962,0.56579,0.5957,0.37348,0.66219,0.56316,0.59326,0.31974,1.34198,1.75145,1.67956,0.00699,0,0.0014654,0.0014654,0.0014654
83,766.19,1.2828,1.69957,1.25725,0.00582,0.72746,0.63173,0.53158,0.56341,0.34825,0.63729,0.53404,0.57435,0.30766,1.34149,1.78715,1.8824,0.00686,0,0.0014588,0.0014588,0.0014588
84,774.996,1.2529,1.74905,1.43732,0.00835,0.84291,0.66064,0.50921,0.55755,0.34652,0.66756,0.51711,0.57574,0.30608,1.37839,1.78322,1.86739,0.00698,0,0.0014522,0.0014522,0.0014522
85,783.938,1.3064,1.75117,1.52576,0.00804,0.79619,0.6398,0.61053,0.61576,0.38591,0.67877,0.57368,0.61571,0.32896,1.36547,1.73817,1.63647,0.00668,0,0.0014456,0.0014456,0.0014456
86,793.024,1.29009,1.67957,1.37914,0.00697,0.76967,0.65437,0.58292,0.60224,0.38473,0.66649,0.58947,0.61742,0.32831,1.33797,1.72757,1.53087,0.00652,0,0.001439,0.001439,0.001439
87,802.28,1.24074,1.69229,1.26546,0.00569,0.75922,0.62021,0.58876,0.60509,0.37546,0.65053,0.58026,0.61815,0.33055,1.36114,1.75996,1.59368,0.00702,0,0.0014324,0.0014324,0.0014324
88,811.6,1.26398,1.69298,1.29838,0.00704,0.73246,0.61511,0.5972,0.61087,0.37102,0.62376,0.59989,0.61825,0.32852,1.36488,1.76462,1.65072,0.00696,0,0.0014258,0.0014258,0.0014258
89,820.755,1.23279,1.62988,1.29871,0.00623,0.74054,0.61511,0.5972,0.61087,0.37102,0.62376,0.59989,0.61825,0.32852,1.36488,1.76462,1.65072,0.00696,0,0.0014192,0.0014192,0.0014192
90,829.931,1.21221,1.67618,1.20825,0.00583,0.73048,0.64518,0.625,0.63816,0.39241,0.63319,0.63144,0.63084,0.33233,1.35186,1.74638,1.54929,0.00683,0,0.0014126,0.0014126,0.0014126
91,839.188,1.22868,1.63818,1.31661,0.00669,0.7858,0.63729,0.63578,0.64521,0.40849,0.63861,0.63709,0.64644,0.33847,1.33328,1.71868,1.4859,0.00668,0,0.001406,0.001406,0.001406
92,848.627,1.27156,1.64734,1.35507,0.00758,0.73175,0.64076,0.63421,0.64626,0.40247,0.63105,0.64868,0.65512,0.34815,1.36408,1.74493,1.58237,0.00677,0,0.0013994,0.0013994,0.0013994
93,857.422,1.27256,1.74964,1.34621,0.00727,0.73547,0.62203,0.61053,0.63355,0.39656,0.62786,0.62368,0.64707,0.342,1.36897,1.7631,1.69588,0.00675,0,0.0013928,0.0013928,0.0013928
94,866.585,1.22776,1.64314,1.25426,0.00575,0.77263,0.63644,0.58947,0.63672,0.40886,0.64379,0.59474,0.64468,0.33961,1.35446,1.74606,1.6929,0.00698,0,0.0013862,0.0013862,0.0013862
95,875.646,1.24363,1.60953,1.18046,0.00624,0.71503,0.64313,0.62837,0.64557,0.41234,0.64178,0.62705,0.64036,0.33814,1.35085,1.74332,1.58601,0.00689,0,0.0013796,0.0013796,0.0013796
96,884.706,1.27895,1.69436,1.29472,0.00688,0.72993,0.62682,0.63553,0.63556,0.40008,0.66579,0.61053,0.6418,0.33923,1.35829,1.73646,1.58593,0.00694,0,0.001373,0.001373,0.001373
97,893.856,1.24178,1.60916,1.30138,0.00682,0.73518,0.62296,0.60132,0.6025,0.36882,0.62978,0.60789,0.61685,0.33098,1.3646,1.76268,1.71065,0.00701,0,0.0013664,0.0013664,0.0013664
98,902.896,1.29891,1.67757,1.20174,0.00658,0.73269,0.62864,0.59868,0.60939,0.37767,0.63999,0.59179,0.61377,0.32879,1.34596,1.74872,1.72226,0.00683,0,0.0013598,0.0013598,0.0013598
99,912.125,1.18757,1.60973,1.28151,0.00653,0.73689,0.64645,0.625,0.64111,0.40982,0.64256,0.62368,0.63497,0.33224,1.31977,1.74182,1.60646,0.00673,0,0.0013532,0.0013532,0.0013532
100,921.26,1.24141,1.62216,1.17023,0.00628,0.74475,0.67516,0.60985,0.64873,0.41671,0.68312,0.61836,0.65144,0.34501,1.34984,1.74591,1.57084,0.00695,0,0.0013466,0.0013466,0.0013466
101,930.258,1.29997,1.67039,1.27543,0.00725,0.7366,0.63734,0.62763,0.64279,0.40044,0.66049,0.61692,0.64543,0.34833,1.38047,1.72601,1.58474,0.00736,0,0.00134,0.00134,0.00134
102,939.184,1.20119,1.64479,1.22086,0.00705,0.7402,0.60941,0.63231,0.6334,0.39749,0.63204,0.61579,0.63837,0.34409,1.35399,1.71855,1.63031,0.0072,0,0.0013334,0.0013334,0.0013334
103,948.35,1.20826,1.63647,1.0565,0.00504,0.76117,0.65156,0.60528,0.62727,0.4022,0.65554,0.60526,0.63358,0.33343,1.34622,1.71508,1.61388,0.00719,0,0.0013268,0.0013268,0.0013268
104,957.599,1.28282,1.74534,1.20813,0.00649,0.76986,0.63893,0.63026,0.62468,0.39694,0.64399,0.62237,0.62118,0.3182,1.36295,1.7178,1.54957,0.00718,0,0.0013202,0.0013202,0.0013202
105,966.533,1.23212,1.66665,1.32558,0.00702,0.72742,0.63893,0.63026,0.62468,0.39694,0.64399,0.62237,0.62118,0.3182,1.36295,1.7178,1.54957,0.00718,0,0.0013136,0.0013136,0.0013136
106,975.723,1.21588,1.55807,1.19076,0.00656,0.68725,0.59414,0.65526,0.61149,0.38315,0.59647,0.65658,0.61508,0.31366,1.37869,1.71752,1.54814,0.00734,0,0.001307,0.001307,0.001307
107,984.77,1.19969,1.6598,1.1723,0.0065,0.7943,0.61932,0.57895,0.6061,0.37669,0.64927,0.55292,0.61101,0.32504,1.34456,1.73791,1.75423,0.00725,0,0.0013004,0.0013004,0.0013004
108,993.88,1.20935,1.65472,1.16656,0.00569,0.74387,0.64683,0.56873,0.6043,0.37779,0.65918,0.54737,0.60495,0.32569,1.35607,1.77161,1.83466,0.00731,0,0.0012938,0.0012938,0.0012938
109,1004.09,1.22975,1.57865,0.98883,0.00445,0.76012,0.64998,0.60109,0.62768,0.40355,0.65283,0.60372,0.6391,0.33702,1.35969,1.70674,1.66124,0.00752,0,0.0012872,0.0012872,0.0012872
110,1013.08,1.16627,1.52329,1.19684,0.00656,0.67457,0.65183,0.62763,0.63182,0.40743,0.66227,0.63472,0.64721,0.33687,1.35963,1.72795,1.50722,0.0077,0,0.0012806,0.0012806,0.0012806
111,1021.89,1.19722,1.60472,1.10242,0.00736,0.68736,0.64468,0.65921,0.64831,0.4011,0.65366,0.66053,0.65507,0.35277,1.38483,1.7199,1.50987,0.00783,0,0.001274,0.001274,0.001274
112,1031.07,1.19317,1.62107,1.09015,0.00623,0.72492,0.66899,0.55313,0.60218,0.37073,0.66629,0.55921,0.61443,0.3386,1.40579,1.75322,1.72211,0.0078,0,0.0012674,0.0012674,0.0012674
113,1039.86,1.14607,1.53389,1.08947,0.00614,0.7032,0.65368,0.53421,0.57506,0.36377,0.65207,0.53289,0.58185,0.31897,1.36362,1.73925,1.89614,0.00737,0,0.0012608,0.0012608,0.0012608
114,1048.74,1.19892,1.61433,1.16287,0.00681,0.71946,0.69077,0.58491,0.60888,0.38942,0.68742,0.57294,0.60758,0.31819,1.38008,1.72682,1.71767,0.00774,0,0.0012542,0.0012542,0.0012542
115,1057.44,1.22085,1.64174,1.21618,0.00737,0.72975,0.67483,0.61711,0.61676,0.40233,0.68266,0.62105,0.62643,0.32541,1.38374,1.73999,1.5807,0.00773,0,0.0012476,0.0012476,0.0012476
116,1066.49,1.19097,1.49941,1.10754,0.00637,0.703,0.68114,0.60921,0.61528,0.39976,0.68997,0.61711,0.63223,0.34828,1.37969,1.71343,1.57475,0.00759,0,0.001241,0.001241,0.001241
117,1075.67,1.16022,1.53054,1.18312,0.00683,0.76737,0.63976,0.63816,0.61737,0.38996,0.649,0.64737,0.6304,0.35237,1.36499,1.71689,1.66548,0.00717,0,0.0012344,0.0012344,0.0012344
118,1085.18,1.25993,1.59711,1.08569,0.00547,0.74728,0.63307,0.61184,0.61187,0.3999,0.6307,0.61711,0.6239,0.34283,1.30743,1.70918,1.77563,0.00667,0,0.0012278,0.0012278,0.0012278
119,1094.45,1.20441,1.54199,1.14029,0.00605,0.69617,0.64664,0.62632,0.62979,0.40512,0.63441,0.61447,0.62261,0.32206,1.36219,1.7276,1.58304,0.00727,0,0.0012212,0.0012212,0.0012212
120,1103.61,1.19343,1.64501,1.17416,0.00666,0.73141,0.64735,0.66053,0.63869,0.40661,0.63483,0.66108,0.62977,0.32648,1.39595,1.76154,1.45161,0.00757,0,0.0012146,0.0012146,0.0012146
121,1112.49,1.17376,1.56213,1.09234,0.0057,0.65023,0.64735,0.66053,0.63869,0.40661,0.63483,0.66108,0.62977,0.32648,1.39595,1.76154,1.45161,0.00757,0,0.001208,0.001208,0.001208
122,1121.17,1.12382,1.53719,1.23762,0.0085,0.69343,0.62681,0.675,0.62963,0.39494,0.6454,0.66579,0.63639,0.33902,1.43782,1.75685,1.46763,0.00798,0,0.0012014,0.0012014,0.0012014
123,1130.3,1.22272,1.56858,1.13177,0.00799,0.85436,0.64479,0.65395,0.62982,0.38589,0.67319,0.64474,0.6454,0.34796,1.43087,1.74717,1.49714,0.00789,0,0.0011948,0.0011948,0.0011948
124,1139.67,1.25381,1.61633,1.09376,0.00587,0.71888,0.65327,0.64605,0.62926,0.39675,0.65819,0.65622,0.64836,0.34547,1.41463,1.72757,1.53305,0.00779,0,0.0011882,0.0011882,0.0011882
125,1148.6,1.15624,1.59235,1.0913,0.00594,0.7238,0.67756,0.65526,0.64357,0.41372,0.65154,0.66711,0.64415,0.3346,1.40242,1.71277,1.40933,0.0076,0,0.0011816,0.0011816,0.0011816
126,1157.69,1.21564,1.58545,1.13966,0.00758,0.7383,0.65242,0.69211,0.63405,0.40499,0.64994,0.68947,0.63377,0.32352,1.37101,1.72836,1.39344,0.00738,0,0.001175,0.001175,0.001175
127,1166.67,1.2127,1.55961,1.02093,0.00654,0.69353,0.66218,0.67105,0.65644,0.41928,0.66478,0.67368,0.65856,0.35249,1.37052,1.69049,1.3842,0.00739,0,0.0011684,0.0011684,0.0011684
128,1175.46,1.13484,1.57582,1.05372,0.00574,0.75689,0.68988,0.63158,0.65294,0.40041,0.68417,0.62895,0.64886,0.35428,1.41061,1.70137,1.47025,0.00767,0,0.0011618,0.0011618,0.0011618
129,1184.74,1.19767,1.59392,0.98301,0.00524,0.70093,0.64174,0.60526,0.62195,0.38271,0.63513,0.59868,0.6165,0.3341,1.43647,1.74034,1.5949,0.00794,0,0.0011552,0.0011552,0.0011552
130,1193.67,1.16527,1.59165,1.09233,0.00566,0.64441,0.64046,0.62581,0.62824,0.39448,0.64026,0.62527,0.63165,0.32888,1.41026,1.71597,1.52584,0.00801,0,0.0011486,0.0011486,0.0011486
131,1202.9,1.19165,1.5669,1.07939,0.00555,0.72961,0.64419,0.65526,0.63678,0.4046,0.63285,0.66579,0.63695,0.32886,1.38179,1.70933,1.47846,0.0078,0,0.001142,0.001142,0.001142
132,1211.98,1.13864,1.54455,1.05554,0.00569,0.64885,0.65301,0.64342,0.62771,0.39545,0.65702,0.64737,0.63856,0.34034,1.39812,1.69838,1.4893,0.00774,0,0.0011354,0.0011354,0.0011354
133,1220.74,1.15614,1.53942,1.03804,0.00753,0.64223,0.65376,0.65263,0.63383,0.38027,0.65639,0.65526,0.63959,0.34428,1.448,1.72083,1.59086,0.00791,0,0.0011288,0.0011288,0.0011288
134,1229.83,1.21885,1.58388,1.05641,0.00685,0.66742,0.68028,0.57895,0.61241,0.3762,0.6606,0.58816,0.61338,0.33523,1.39457,1.73936,1.74553,0.00732,0,0.0011222,0.0011222,0.0011222
135,1238.87,1.15776,1.5768,0.9813,0.00591,0.70493,0.65374,0.61579,0.61368,0.38764,0.65468,0.61974,0.61664,0.32621,1.37373,1.73163,1.69827,0.00733,0,0.0011156,0.0011156,0.0011156
136,1247.59,1.16405,1.55338,1.09133,0.00715,0.74933,0.666,0.64079,0.63476,0.39263,0.66831,0.63626,0.63244,0.3203,1.40108,1.75451,1.57296,0.00727,0,0.001109,0.001109,0.001109
137,1256.48,1.21003,1.57693,1.00581,0.00542,0.65482,0.666,0.64079,0.63476,0.39263,0.66831,0.63626,0.63244,0.3203,1.40108,1.75451,1.57296,0.00727,0,0.0011024,0.0011024,0.0011024
138,1265.33,1.13407,1.51215,0.97673,0.0058,0.71589,0.64765,0.65541,0.64072,0.39977,0.65506,0.65718,0.64555,0.33069,1.38913,1.72167,1.5679,0.00734,0,0.0010958,0.0010958,0.0010958
139,1274.28,1.2235,1.6372,1.07524,0.00782,0.71521,0.66935,0.62895,0.64986,0.40288,0.68371,0.63144,0.66059,0.35543,1.37181,1.70049,1.59994,0.00724,0,0.0010892,0.0010892,0.0010892
140,1283.14,1.13111,1.5241,0.95055,0.00538,0.65692,0.67791,0.63026,0.65317,0.3988,0.67495,0.62295,0.65178,0.35975,1.36973,1.70007,1.60448,0.00685,0,0.0010826,0.0010826,0.0010826
141,1291.93,1.17926,1.55971,0.9982,0.00668,0.64453,0.68397,0.61795,0.65411,0.40846,0.68113,0.61834,0.65346,0.36107,1.33279,1.68397,1.56507,0.00664,0,0.001076,0.001076,0.001076
142,1300.89,1.14201,1.55907,1.00238,0.00575,0.71543,0.67181,0.62368,0.64722,0.41785,0.66534,0.62368,0.64557,0.35017,1.34028,1.68859,1.46571,0.00694,0,0.0010694,0.0010694,0.0010694
143,1309.99,1.12994,1.56354,0.95017,0.00518,0.71845,0.66739,0.62632,0.63672,0.4136,0.66291,0.62763,0.63657,0.3354,1.32805,1.70082,1.53762,0.00652,0,0.0010628,0.0010628,0.0010628
144,1319.2,1.18564,1.55915,1.00009,0.00661,0.71268,0.65369,0.60526,0.63124,0.39845,0.65016,0.60526,0.63802,0.33503,1.34033,1.70848,1.64953,0.00671,0,0.0010562,0.0010562,0.0010562
145,1328.25,1.17262,1.54741,0.96857,0.00585,0.69475,0.68111,0.62237,0.65441,0.4107,0.68131,0.625,0.65498,0.34549,1.3167,1.692,1.58398,0.0065,0,0.0010496,0.0010496,0.0010496
146,1337.47,1.19381,1.74715,1.00582,0.00582,0.76186,0.6598,0.65075,0.66055,0.41663,0.66312,0.66306,0.66537,0.35027,1.34709,1.70871,1.53124,0.00695,0,0.001043,0.001043,0.001043
147,1346.5,1.13493,1.52382,0.96102,0.00555,0.6708,0.66399,0.66316,0.66709,0.41965,0.66722,0.66746,0.67359,0.35111,1.35892,1.71735,1.50775,0.00702,0,0.0010364,0.0010364,0.0010364
148,1355.91,1.11133,1.51997,0.96603,0.0052,0.6111,0.68057,0.66184,0.66835,0.42051,0.67475,0.66603,0.67316,0.35617,1.37639,1.71238,1.49856,0.00738,0,0.0010298,0.0010298,0.0010298
149,1365.34,1.15809,1.47256,0.94582,0.00618,0.60977,0.69638,0.62105,0.65642,0.41196,0.65635,0.67098,0.66949,0.35404,1.40383,1.7463,1.48252,0.00742,0,0.0010232,0.0010232,0.0010232
150,1374.58,1.11793,1.50836,0.91313,0.00557,0.67113,0.65439,0.65025,0.65415,0.41019,0.65328,0.65947,0.66151,0.35206,1.4084,1.7454,1.48431,0.00753,0,0.0010166,0.0010166,0.0010166
151,1383.84,1.12276,1.52585,0.88436,0.0051,0.67676,0.67403,0.64079,0.64987,0.40608,0.66597,0.66053,0.65504,0.35044,1.39994,1.70709,1.48827,0.00769,0,0.00101,0.00101,0.00101
152,1393.04,1.16988,1.58035,0.97396,0.00611,0.72186,0.6595,0.64079,0.65035,0.40633,0.68529,0.60454,0.64548,0.34286,1.37692,1.69803,1.54429,0.00775,0,0.0010034,0.0010034,0.0010034
153,1402.68,1.11557,1.53161,0.90453,0.00463,0.63777,0.6595,0.64079,0.65035,0.40633,0.68529,0.60454,0.64548,0.34286,1.37692,1.69803,1.54429,0.00775,0,0.0009968,0.0009968,0.0009968
154,1411.74,1.09751,1.57045,0.96274,0.00586,0.66718,0.66426,0.59605,0.62812,0.38699,0.6597,0.59433,0.62252,0.32749,1.37415,1.71264,1.65872,0.00764,0,0.0009902,0.0009902,0.0009902
155,1420.6,1.11761,1.52957,1.00831,0.00661,0.67199,0.6721,0.61762,0.64126,0.39353,0.65731,0.63421,0.63551,0.33786,1.37723,1.70605,1.57784,0.00767,0,0.0009836,0.0009836,0.0009836
156,1429.56,1.12315,1.55732,0.96642,0.00558,0.73486,0.65515,0.64743,0.65362,0.39944,0.65781,0.65006,0.65082,0.34779,1.39057,1.72391,1.52638,0.00745,0,0.000977,0.000977,0.000977
157,1438.56,1.18214,1.54467,0.9807,0.00594,0.66231,0.65618,0.66184,0.65829,0.40868,0.65501,0.66184,0.65773,0.35425,1.37994,1.72974,1.52863,0.0074,0,0.0009704,0.0009704,0.0009704
158,1447.65,1.14528,1.49918,0.88518,0.00481,0.6642,0.65794,0.67322,0.64899,0.41221,0.65806,0.68684,0.65875,0.3525,1.37145,1.70427,1.50194,0.00733,0,0.0009638,0.0009638,0.0009638
159,1456.74,1.11211,1.45974,0.92938,0.00645,0.69326,0.68177,0.64605,0.65402,0.41153,0.69799,0.63553,0.65802,0.36155,1.38127,1.70265,1.5234,0.00731,0,0.0009572,0.0009572,0.0009572
160,1465.41,1.08208,1.44702,1.02085,0.00742,0.7429,0.69038,0.63421,0.6537,0.40674,0.69256,0.65,0.66531,0.36885,1.40912,1.70859,1.56546,0.0073,0,0.0009506,0.0009506,0.0009506
161,1474.52,1.0901,1.43605,0.85778,0.00489,0.62212,0.67594,0.63158,0.64581,0.40485,0.69594,0.61842,0.64803,0.35819,1.40085,1.72649,1.65128,0.00699,0,0.000944,0.000944,0.000944
162,1483.7,1.18395,1.5521,0.95462,0.00645,0.62993,0.71183,0.61579,0.64685,0.41366,0.71376,0.61354,0.65112,0.35042,1.35999,1.69116,1.65278,0.00679,0,0.0009374,0.0009374,0.0009374
163,1492.62,1.07582,1.4916,0.922,0.0058,0.71076,0.68619,0.63158,0.65976,0.42155,0.6819,0.62763,0.6552,0.34596,1.33655,1.66486,1.52993,0.0068,0,0.0009308,0.0009308,0.0009308
164,1501.46,1.12529,1.48152,0.94024,0.006,0.65682,0.67209,0.64726,0.65717,0.41654,0.67091,0.65263,0.66242,0.35357,1.34372,1.66173,1.4486,0.00686,0,0.0009242,0.0009242,0.0009242
165,1510.76,1.14047,1.537,0.98499,0.00704,0.647,0.67435,0.65394,0.66466,0.4126,0.67694,0.65526,0.66633,0.36345,1.35055,1.67006,1.45288,0.00682,0,0.0009176,0.0009176,0.0009176
166,1519.82,1.13537,1.52644,0.8846,0.00512,0.68585,0.68309,0.63553,0.66421,0.41431,0.68858,0.64211,0.6685,0.36431,1.3576,1.68903,1.51681,0.00671,0,0.000911,0.000911,0.000911
167,1528.56,1.20437,1.69453,1.01626,0.0072,0.80691,0.68539,0.63924,0.66571,0.41947,0.67527,0.64474,0.66296,0.35151,1.35747,1.71483,1.49948,0.00693,0,0.0009044,0.0009044,0.0009044
168,1537.62,1.15593,1.52749,0.92961,0.00539,0.70904,0.653,0.65921,0.65869,0.41975,0.62837,0.66053,0.65079,0.3428,1.3554,1.74138,1.51417,0.00691,0,0.0008978,0.0008978,0.0008978
169,1546.57,1.15908,1.51463,0.88493,0.00598,0.6561,0.653,0.65921,0.65869,0.41975,0.62837,0.66053,0.65079,0.3428,1.3554,1.74138,1.51417,0.00691,0,0.0008912,0.0008912,0.0008912
170,1555.55,1.09386,1.49069,0.91479,0.00578,0.65561,0.65181,0.63816,0.65007,0.4192,0.65047,0.63684,0.64916,0.34508,1.36793,1.75504,1.47744,0.00721,0,0.0008846,0.0008846,0.0008846
171,1564.34,1.1186,1.44867,1.0106,0.00771,0.73267,0.66439,0.63297,0.65169,0.40634,0.66694,0.62973,0.65141,0.35264,1.40509,1.76772,1.524,0.00778,0,0.000878,0.000878,0.000878
172,1573.51,1.03478,1.4832,0.89432,0.00658,0.69473,0.6542,0.64079,0.65546,0.40146,0.67998,0.61711,0.64925,0.35585,1.42194,1.81581,1.57355,0.00768,0,0.0008714,0.0008714,0.0008714
173,1582.73,1.07763,1.46857,0.89868,0.00524,0.6494,0.69221,0.62632,0.65441,0.40566,0.68639,0.62105,0.65016,0.36056,1.40505,1.80611,1.58662,0.00768,0,0.0008648,0.0008648,0.0008648
174,1591.94,1.13253,1.52658,0.90372,0.00506,0.66836,0.69011,0.62763,0.64786,0.41816,0.68707,0.62368,0.65002,0.3599,1.37467,1.73838,1.56573,0.00761,0,0.0008582,0.0008582,0.0008582
175,1601.12,1.08414,1.42662,0.88814,0.00561,0.63379,0.69437,0.6218,0.6387,0.41545,0.68306,0.63421,0.64648,0.34602,1.34978,1.71413,1.59689,0.00754,0,0.0008516,0.0008516,0.0008516
176,1610.03,1.09011,1.46179,0.84993,0.00544,0.69873,0.68833,0.59079,0.63333,0.40723,0.65867,0.59211,0.62987,0.34698,1.36633,1.71594,1.71765,0.00773,0,0.000845,0.000845,0.000845
177,1618.96,1.05101,1.46151,0.85388,0.00633,0.6849,0.684,0.58026,0.63795,0.40673,0.67654,0.57368,0.63066,0.35396,1.35063,1.72316,1.72428,0.00749,0,0.0008384,0.0008384,0.0008384
178,1628.2,1.15802,1.52088,0.86847,0.00502,0.66599,0.71092,0.59342,0.64924,0.41405,0.69583,0.596,0.64664,0.36443,1.35749,1.71744,1.60687,0.00743,0,0.0008318,0.0008318,0.0008318
179,1637.54,1.09386,1.42495,0.81029,0.00435,0.66004,0.6407,0.65921,0.6465,0.41391,0.70598,0.59474,0.64542,0.35758,1.3626,1.72768,1.50559,0.00749,0,0.0008252,0.0008252,0.0008252
180,1646.5,1.15216,1.4774,0.8165,0.00553,0.644,0.68999,0.57895,0.631,0.40502,0.69313,0.58158,0.63207,0.3447,1.38726,1.73414,1.49898,0.00784,0,0.0008186,0.0008186,0.0008186
181,1655.36,1.06247,1.457,0.84518,0.00552,0.71697,0.65673,0.575,0.62456,0.39372,0.66978,0.57895,0.62709,0.34377,1.42209,1.72654,1.53302,0.00808,0,0.000812,0.000812,0.000812
182,1664.46,1.04885,1.33279,0.81723,0.0046,0.59307,0.65888,0.57763,0.6173,0.37855,0.66666,0.57631,0.61183,0.33578,1.45819,1.74603,1.58253,0.00836,0,0.0008054,0.0008054,0.0008054
183,1673.84,1.12442,1.49075,0.88569,0.00473,0.7131,0.65895,0.59868,0.63369,0.39629,0.65765,0.6,0.62598,0.34534,1.4122,1.74951,1.54552,0.00795,0,0.0007988,0.0007988,0.0007988
184,1682.81,1.10928,1.49428,0.93251,0.00665,0.71198,0.68357,0.61316,0.64627,0.41356,0.68709,0.61053,0.63735,0.34901,1.38549,1.75627,1.4682,0.00774,0,0.0007922,0.0007922,0.0007922
185,1691.92,1.06642,1.44211,0.85155,0.00583,0.69939,0.68357,0.61316,0.64627,0.41356,0.68709,0.61053,0.63735,0.34901,1.38549,1.75627,1.4682,0.00774,0,0.0007856,0.0007856,0.0007856
186,1700.99,1.04266,1.40159,0.77362,0.00615,0.66993,0.6328,0.66579,0.65714,0.42377,0.63047,0.66184,0.65054,0.35739,1.37677,1.7488,1.44019,0.00754,0,0.000779,0.000779,0.000779
187,1710.01,1.04893,1.36993,0.84494,0.00495,0.58978,0.63735,0.67368,0.66009,0.4211,0.63942,0.67105,0.65687,0.36532,1.37463,1.73613,1.51327,0.00744,0,0.0007724,0.0007724,0.0007724
188,1719.5,1.12031,1.48925,0.81148,0.00432,0.69424,0.68005,0.63206,0.65444,0.42029,0.68996,0.625,0.65657,0.36556,1.36551,1.7307,1.6009,0.0072,0,0.0007658,0.0007658,0.0007658
189,1728.68,1.109,1.49707,0.86697,0.00569,0.67905,0.67787,0.63131,0.65325,0.42375,0.67895,0.63721,0.65928,0.36594,1.37789,1.73032,1.57391,0.00728,0,0.0007592,0.0007592,0.0007592
190,1737.59,1.06424,1.43865,0.8876,0.00532,0.71098,0.68306,0.63026,0.65838,0.42008,0.68633,0.625,0.6562,0.35924,1.39112,1.73756,1.53817,0.00758,0,0.0007526,0.0007526,0.0007526
191,1747.03,1.08945,1.45752,0.798,0.00499,0.68356,0.69634,0.63664,0.67169,0.42217,0.69071,0.62895,0.66523,0.36318,1.40446,1.74472,1.51024,0.0079,0,0.000746,0.000746,0.000746
192,1756.15,1.08974,1.45558,0.80307,0.00549,0.65864,0.67974,0.64079,0.66707,0.41885,0.68066,0.63947,0.67153,0.36265,1.39661,1.73999,1.50903,0.00787,0,0.0007394,0.0007394,0.0007394
193,1765.42,1.08525,1.44978,0.86585,0.00577,0.63083,0.69949,0.62105,0.66362,0.42021,0.70053,0.62105,0.67057,0.35699,1.38172,1.73159,1.53209,0.00766,0,0.0007328,0.0007328,0.0007328
194,1774.3,1.04968,1.34193,0.88947,0.00613,0.60122,0.68195,0.62631,0.64471,0.41946,0.68475,0.625,0.65536,0.3517,1.34843,1.72753,1.63503,0.00737,0,0.0007262,0.0007262,0.0007262
195,1783.52,1.10294,1.48052,0.85007,0.00464,0.66646,0.6746,0.63947,0.64103,0.41974,0.67797,0.64342,0.65475,0.35113,1.34067,1.7253,1.66093,0.00739,0,0.0007196,0.0007196,0.0007196
196,1793.45,1.08555,1.43347,0.77085,0.00441,0.62073,0.65592,0.63963,0.64156,0.41394,0.68973,0.62304,0.65243,0.34537,1.35084,1.71537,1.57342,0.00752,0,0.000713,0.000713,0.000713
197,1802.91,1.06308,1.44163,0.77267,0.00446,0.67238,0.69312,0.60921,0.64254,0.40694,0.69312,0.60921,0.64329,0.344,1.37769,1.71969,1.56395,0.00762,0,0.0007064,0.0007064,0.0007064
198,1812.24,1.07655,1.45943,0.80503,0.00465,0.6756,0.64932,0.65132,0.63866,0.40306,0.648,0.65,0.63891,0.34396,1.40882,1.72688,1.55365,0.00789,0,0.0006998,0.0006998,0.0006998
199,1821.39,1.01657,1.46764,0.75034,0.00472,0.69625,0.64051,0.66316,0.63658,0.40074,0.63746,0.66447,0.63557,0.34136,1.39816,1.74363,1.56554,0.00775,0,0.0006932,0.0006932,0.0006932
200,1831.29,1.08843,1.4538,0.79282,0.00422,0.6734,0.64283,0.66053,0.63484,0.40633,0.64876,0.65862,0.63179,0.33509,1.37419,1.73876,1.59851,0.00755,0,0.0006866,0.0006866,0.0006866
201,1840.43,1.06022,1.44453,0.82464,0.00578,0.60886,0.64283,0.66053,0.63484,0.40633,0.64876,0.65862,0.63179,0.33509,1.37419,1.73876,1.59851,0.00755,0,0.00068,0.00068,0.00068
202,1849.59,0.99031,1.37626,0.78277,0.00497,0.60398,0.6623,0.65921,0.64036,0.41041,0.65833,0.65526,0.63582,0.33178,1.37199,1.74331,1.58941,0.00751,0,0.0006734,0.0006734,0.0006734
203,1858.89,1.0331,1.43954,0.74443,0.00411,0.61524,0.67361,0.66259,0.64682,0.41279,0.66943,0.65921,0.63887,0.33728,1.37472,1.74988,1.55743,0.00752,0,0.0006668,0.0006668,0.0006668
204,1868.19,1.04695,1.4536,0.86124,0.00563,0.72742,0.66419,0.67144,0.65236,0.41292,0.6593,0.66974,0.6436,0.35072,1.37243,1.72981,1.56823,0.00738,0,0.0006602,0.0006602,0.0006602
205,1877.14,1.05154,1.42792,0.81046,0.00536,0.59339,0.65533,0.66447,0.65367,0.40472,0.65488,0.66316,0.64633,0.36081,1.37296,1.71522,1.55974,0.00727,0,0.0006536,0.0006536,0.0006536
206,1886.38,1.06713,1.42864,0.78866,0.00468,0.61501,0.66883,0.64042,0.65125,0.40256,0.66281,0.64404,0.64562,0.36008,1.37313,1.7009,1.556,0.00714,0,0.000647,0.000647,0.000647
207,1895.3,1.00237,1.42662,0.75075,0.00491,0.67665,0.64895,0.65431,0.64793,0.40069,0.64642,0.65671,0.64097,0.35181,1.36204,1.68861,1.56178,0.00708,0,0.0006404,0.0006404,0.0006404
208,1904.09,1.00874,1.36313,0.84967,0.00621,0.70722,0.67189,0.61163,0.64442,0.40084,0.65889,0.60999,0.63054,0.33595,1.37506,1.70357,1.62792,0.00724,0,0.0006338,0.0006338,0.0006338
209,1912.92,1.08482,1.51019,0.87064,0.0058,0.70013,0.6713,0.62368,0.63657,0.39492,0.678,0.60526,0.62839,0.33417,1.40691,1.71085,1.65043,0.0075,0,0.0006272,0.0006272,0.0006272
210,1922.14,1.00208,1.34096,0.69424,0.00533,0.65696,0.67897,0.61447,0.63661,0.39468,0.68333,0.61842,0.62984,0.33822,1.4006,1.71132,1.74918,0.00737,0,0.0006206,0.0006206,0.0006206
211,1931.06,1.03296,1.41814,0.77855,0.00463,0.65691,0.66346,0.63289,0.65082,0.40445,0.66181,0.62105,0.63895,0.34764,1.39611,1.70892,1.66693,0.00714,0,0.000614,0.000614,0.000614
212,1940.08,1.07627,1.43568,0.88098,0.00645,0.67125,0.6802,0.60729,0.65598,0.40533,0.63776,0.65395,0.65118,0.35101,1.42232,1.72646,1.61443,0.00729,0,0.0006074,0.0006074,0.0006074
213,1948.9,0.97896,1.37537,0.7432,0.00479,0.6613,0.69563,0.64211,0.66673,0.40935,0.70267,0.63026,0.65997,0.35562,1.42004,1.72591,1.59936,0.0073,0,0.0006008,0.0006008,0.0006008
214,1958.07,1.04471,1.4338,0.77439,0.00376,0.68954,0.68213,0.64737,0.66468,0.4154,0.68213,0.64737,0.66118,0.35579,1.4334,1.72516,1.55344,0.00755,0,0.0005942,0.0005942,0.0005942
215,1967.22,0.99445,1.34742,0.75294,0.00526,0.61065,0.66324,0.66053,0.65627,0.41234,0.68575,0.63553,0.65544,0.35338,1.39946,1.74328,1.61836,0.0073,0,0.0005876,0.0005876,0.0005876
216,1976.06,0.98419,1.36678,0.77385,0.00517,0.62493,0.69922,0.62399,0.65248,0.41674,0.70754,0.61756,0.64781,0.34725,1.3968,1.74933,1.68949,0.00734,0,0.000581,0.000581,0.000581
217,1985.08,1.08224,1.4358,0.7677,0.00431,0.6226,0.69922,0.62399,0.65248,0.41674,0.70754,0.61756,0.64781,0.34725,1.3968,1.74933,1.68949,0.00734,0,0.0005744,0.0005744,0.0005744
218,1994.02,1.00329,1.44634,0.78266,0.00521,0.61311,0.64872,0.66095,0.65177,0.41738,0.68623,0.625,0.64703,0.34659,1.39028,1.7443,1.6882,0.0073,0,0.0005678,0.0005678,0.0005678
219,2003.01,1.04613,1.43101,0.73976,0.004,0.61803,0.67084,0.63553,0.64972,0.4183,0.6749,0.63816,0.64891,0.34885,1.39387,1.75041,1.69879,0.00729,0,0.0005612,0.0005612,0.0005612
220,2011.9,1.04334,1.46368,0.80593,0.00659,0.6876,0.65588,0.64451,0.64829,0.41137,0.72224,0.60132,0.64615,0.35522,1.42102,1.74767,1.65425,0.00739,0,0.0005546,0.0005546,0.0005546
221,2020.86,1.05718,1.44059,0.79513,0.00499,0.61681,0.68942,0.61628,0.64606,0.40268,0.69171,0.61701,0.64763,0.35428,1.45365,1.74642,1.66755,0.00772,0,0.000548,0.000548,0.000548
222,2030.1,0.99353,1.37996,0.72379,0.00399,0.6149,0.69135,0.61316,0.64828,0.40553,0.69065,0.61316,0.64691,0.35876,1.43874,1.74999,1.65115,0.00779,0,0.0005414,0.0005414,0.0005414
223,2039.24,1.02294,1.39372,0.72659,0.00451,0.61039,0.69119,0.61256,0.6413,0.40511,0.68304,0.61579,0.64299,0.35783,1.4126,1.75791,1.67039,0.0073,0,0.0005348,0.0005348,0.0005348
224,2048.73,1.01177,1.3508,0.71924,0.00431,0.6374,0.71381,0.60387,0.63859,0.40854,0.7098,0.60263,0.63677,0.35572,1.39266,1.74977,1.71793,0.00721,0,0.0005282,0.0005282,0.0005282
225,2058.15,1.02428,1.37815,0.77785,0.00454,0.59075,0.67815,0.62237,0.63899,0.41083,0.70576,0.58816,0.63577,0.35263,1.38248,1.75571,1.68694,0.00723,0,0.0005216,0.0005216,0.0005216
226,2067.28,1.02862,1.4456,0.74727,0.0038,0.66842,0.68359,0.62823,0.64747,0.41675,0.67473,0.63026,0.64454,0.35271,1.38124,1.75975,1.67053,0.00727,0,0.000515,0.000515,0.000515
227,2076.12,0.94871,1.34697,0.69333,0.00471,0.65898,0.67139,0.63289,0.64503,0.41594,0.6565,0.63876,0.63712,0.34967,1.35603,1.76332,1.72523,0.00712,0,0.0005084,0.0005084,0.0005084
228,2085.69,1.08534,1.44642,0.78772,0.00417,0.72556,0.69767,0.60729,0.63897,0.41238,0.69622,0.61218,0.63205,0.35088,1.35842,1.75372,1.77698,0.007,0,0.0005018,0.0005018,0.0005018
229,2094.83,1.01501,1.38893,0.75669,0.00558,0.67813,0.69436,0.61842,0.64692,0.41695,0.68589,0.62635,0.64272,0.35703,1.37403,1.74637,1.6994,0.00701,0,0.0004952,0.0004952,0.0004952
230,2103.7,1.01502,1.4123,0.77101,0.00482,0.64183,0.67339,0.63816,0.65107,0.4182,0.67235,0.64605,0.65015,0.36074,1.3804,1.74091,1.68803,0.00707,0,0.0004886,0.0004886,0.0004886
231,2112.81,1.02936,1.31813,0.73691,0.00576,0.59988,0.70078,0.61939,0.6473,0.41484,0.70582,0.61447,0.64545,0.35632,1.40342,1.74301,1.70214,0.00717,0,0.000482,0.000482,0.000482
232,2121.63,0.95856,1.32424,0.69851,0.00494,0.63011,0.69494,0.625,0.64783,0.41676,0.68643,0.61711,0.64385,0.35829,1.39633,1.73016,1.6914,0.00709,0,0.0004754,0.0004754,0.0004754
233,2130.99,1.04848,1.44158,0.74964,0.00345,0.66152,0.69494,0.625,0.64783,0.41676,0.68643,0.61711,0.64385,0.35829,1.39633,1.73016,1.6914,0.00709,0,0.0004688,0.0004688,0.0004688
234,2140.11,1.05204,1.44554,0.77603,0.00444,0.68244,0.6849,0.61579,0.63814,0.41289,0.68281,0.60658,0.63366,0.35128,1.38556,1.72969,1.71986,0.00715,0,0.0004622,0.0004622,0.0004622
235,2149.07,1.11875,1.42459,0.76745,0.00462,0.61435,0.69922,0.62705,0.6502,0.42556,0.69628,0.62442,0.64864,0.35842,1.3831,1.73697,1.63002,0.00709,0,0.0004556,0.0004556,0.0004556
236,2158.13,1.0566,1.42122,0.77429,0.00561,0.62635,0.69214,0.63421,0.64886,0.42344,0.69973,0.63026,0.65359,0.35977,1.37605,1.73882,1.61881,0.00692,0,0.000449,0.000449,0.000449
237,2166.93,0.96436,1.35096,0.7472,0.00575,0.63983,0.69452,0.62895,0.656,0.42651,0.68948,0.625,0.65551,0.36369,1.37225,1.74402,1.6001,0.00715,0,0.0004424,0.0004424,0.0004424
238,2175.85,1.01205,1.32168,0.70248,0.00483,0.61902,0.70759,0.63043,0.65752,0.42513,0.69612,0.63553,0.65792,0.36957,1.38474,1.74191,1.5969,0.00722,0,0.0004358,0.0004358,0.0004358
239,2184.89,1.07258,1.44058,0.80723,0.00614,0.68011,0.71679,0.6394,0.66462,0.4297,0.71217,0.65111,0.6684,0.37731,1.39141,1.73222,1.54768,0.00717,0,0.0004292,0.0004292,0.0004292
240,2193.86,1.01846,1.40604,0.78724,0.00494,0.62389,0.70486,0.64605,0.66674,0.42884,0.71161,0.65395,0.67223,0.38053,1.39521,1.73896,1.52885,0.0073,0,0.0004226,0.0004226,0.0004226
241,2203.17,1.04546,1.38699,0.68586,0.00423,0.58528,0.68915,0.64759,0.66769,0.43145,0.70275,0.66184,0.68017,0.3803,1.3931,1.74145,1.47661,0.00732,0,0.000416,0.000416,0.000416
242,2212.25,0.9839,1.36419,0.73749,0.00518,0.67005,0.70075,0.64396,0.66645,0.43241,0.71198,0.65703,0.67676,0.37545,1.38958,1.73443,1.46605,0.00739,0,0.0004094,0.0004094,0.0004094
243,2221.2,1.03084,1.41131,0.74627,0.00481,0.63987,0.67451,0.66257,0.66571,0.43389,0.67986,0.66784,0.66752,0.37092,1.37644,1.73348,1.47711,0.00728,0,0.0004028,0.0004028,0.0004028
244,2230.14,0.98383,1.36407,0.73641,0.00536,0.65577,0.68684,0.64933,0.66109,0.42891,0.6938,0.65591,0.66497,0.36361,1.39082,1.73219,1.49668,0.00742,0,0.0003962,0.0003962,0.0003962
245,2239.25,1.08298,1.33066,0.80299,0.00763,0.64505,0.68207,0.65,0.65428,0.42817,0.69385,0.65658,0.66071,0.361,1.36743,1.72393,1.60023,0.00725,0,0.0003896,0.0003896,0.0003896
246,2248.39,1.03179,1.28806,0.7361,0.00532,0.57627,0.696,0.63289,0.6458,0.42324,0.70296,0.62763,0.65037,0.35842,1.36379,1.72755,1.68339,0.00714,0,0.000383,0.000383,0.000383
247,2257.55,0.95539,1.36788,0.73556,0.00402,0.62785,0.6974,0.63378,0.65156,0.42459,0.71126,0.62763,0.65155,0.3622,1.37704,1.73348,1.69164,0.00733,0,0.0003764,0.0003764,0.0003764
248,2266.85,1.07244,1.47283,0.7963,0.00507,0.67399,0.70651,0.63667,0.65887,0.43024,0.71919,0.625,0.6594,0.36785,1.35744,1.73438,1.72133,0.00717,0,0.0003698,0.0003698,0.0003698
249,2275.83,0.89865,1.30407,0.6531,0.00436,0.57817,0.70651,0.63667,0.65887,0.43024,0.71919,0.625,0.6594,0.36785,1.35744,1.73438,1.72133,0.00717,0,0.0003632,0.0003632,0.0003632
250,2284.76,0.91367,1.27798,0.62453,0.00516,0.58469,0.70271,0.64605,0.66779,0.43123,0.70467,0.64048,0.66261,0.36907,1.38463,1.71921,1.65755,0.00741,0,0.0003566,0.0003566,0.0003566
251,2294.14,1.00607,1.34573,0.71762,0.00437,0.61133,0.7018,0.63481,0.67086,0.43418,0.70144,0.64211,0.66964,0.36982,1.39588,1.7261,1.60896,0.00759,0,0.00035,0.00035,0.00035
252,2303.41,0.92671,1.28448,0.68064,0.0041,0.5603,0.69933,0.63964,0.669,0.4322,0.67933,0.65227,0.66624,0.36722,1.39515,1.72488,1.61012,0.00759,0,0.0003434,0.0003434,0.0003434
253,2312.37,0.92875,1.28221,0.70371,0.0055,0.58215,0.67898,0.66316,0.67411,0.43273,0.67923,0.66447,0.67487,0.37059,1.38274,1.72696,1.56433,0.0073,0,0.0003368,0.0003368,0.0003368
254,2321.61,0.96802,1.3402,0.73212,0.00365,0.55587,0.68034,0.66842,0.67619,0.43341,0.68234,0.66842,0.67871,0.37173,1.39656,1.72856,1.53742,0.00743,0,0.0003302,0.0003302,0.0003302
255,2330.66,0.99051,1.33413,0.77299,0.00515,0.62847,0.66765,0.65921,0.6681,0.42763,0.67333,0.66316,0.67214,0.36733,1.39479,1.73574,1.54395,0.00754,0,0.0003236,0.0003236,0.0003236
256,2339.98,0.99811,1.32734,0.66149,0.00431,0.54793,0.70175,0.62237,0.67074,0.4301,0.70208,0.625,0.67121,0.36431,1.39616,1.7354,1.5637,0.00752,0,0.000317,0.000317,0.000317
257,2348.74,0.94984,1.33899,0.76195,0.00495,0.60345,0.68741,0.63684,0.6677,0.43028,0.70566,0.61974,0.66326,0.35891,1.37863,1.72679,1.61012,0.00757,0,0.0003104,0.0003104,0.0003104
258,2357.97,1.00391,1.34758,0.70997,0.00436,0.65609,0.66091,0.66579,0.66941,0.43193,0.66809,0.65683,0.66228,0.35926,1.37239,1.73008,1.60318,0.00742,0,0.0003038,0.0003038,0.0003038
259,2366.9,0.96432,1.34921,0.63956,0.00412,0.62229,0.66595,0.67105,0.67229,0.43213,0.65834,0.66579,0.6627,0.35979,1.3861,1.74406,1.52897,0.00737,0,0.0002972,0.0002972,0.0002972
260,2376.07,0.97817,1.27274,0.69243,0.00371,0.59069,0.65838,0.65789,0.66407,0.43158,0.66359,0.65658,0.66424,0.36514,1.37421,1.74204,1.56349,0.00748,0,0.0002906,0.0002906,0.0002906
261,2385.07,0.98649,1.37558,0.7441,0.00593,0.68696,0.66762,0.66602,0.66007,0.42561,0.68026,0.66904,0.6608,0.36575,1.38937,1.74202,1.55761,0.00755,0,0.000284,0.000284,0.000284
262,2393.9,0.93029,1.3704,0.67349,0.00446,0.60941,0.66847,0.66325,0.66158,0.42222,0.6754,0.66579,0.65894,0.36413,1.38329,1.74483,1.57766,0.00746,0,0.0002774,0.0002774,0.0002774
263,2403.04,1.03327,1.3759,0.69736,0.00337,0.6961,0.66066,0.67117,0.66536,0.42314,0.67364,0.66269,0.665,0.37096,1.38514,1.74324,1.5786,0.00744,0,0.0002708,0.0002708,0.0002708
264,2412.02,0.93557,1.29283,0.6868,0.00471,0.53512,0.65564,0.66711,0.66199,0.41872,0.66904,0.66711,0.66347,0.37229,1.39642,1.74486,1.57959,0.00751,0,0.0002642,0.0002642,0.0002642
265,2420.9,0.93787,1.31903,0.68703,0.00497,0.59076,0.65564,0.66711,0.66199,0.41872,0.66904,0.66711,0.66347,0.37229,1.39642,1.74486,1.57959,0.00751,0,0.0002576,0.0002576,0.0002576
266,2429.84,1.0196,1.34757,0.70464,0.00423,0.70684,0.65988,0.66885,0.65948,0.41789,0.67212,0.67763,0.66344,0.37157,1.39629,1.74113,1.55984,0.00757,0,0.000251,0.000251,0.000251
267,2438.94,0.96946,1.38054,0.74515,0.00562,0.62805,0.67029,0.65658,0.66369,0.4217,0.681,0.66579,0.66672,0.37206,1.40655,1.74689,1.54679,0.00751,0,0.0002444,0.0002444,0.0002444
268,2447.8,0.98199,1.2658,0.67023,0.0045,0.58247,0.65615,0.65789,0.65991,0.41895,0.66638,0.66447,0.66289,0.36551,1.39762,1.73869,1.59191,0.00755,0,0.0002378,0.0002378,0.0002378
269,2457.1,0.98691,1.29503,0.7144,0.00573,0.62212,0.66169,0.64339,0.65326,0.41962,0.66975,0.65,0.65526,0.36055,1.41056,1.74191,1.62466,0.00765,0,0.0002312,0.0002312,0.0002312
270,2466.32,0.91263,1.30113,0.68784,0.00466,0.6219,0.65721,0.64329,0.65395,0.42136,0.67807,0.62895,0.65486,0.35996,1.38901,1.73568,1.67452,0.00764,0,0.0002246,0.0002246,0.0002246
271,2475.32,0.9855,1.30145,0.71297,0.00407,0.60221,0.666,0.64605,0.65719,0.42079,0.67007,0.65,0.65723,0.35867,1.39177,1.73766,1.64736,0.00751,0,0.000218,0.000218,0.000218
272,2484.41,1.001,1.34164,0.67956,0.00436,0.61267,0.66267,0.62895,0.65009,0.42077,0.66377,0.63421,0.6515,0.35752,1.36692,1.74529,1.71959,0.00735,0,0.0002114,0.0002114,0.0002114
273,2493.35,1.00919,1.36949,0.69161,0.00396,0.6456,0.6527,0.65658,0.65625,0.42256,0.65553,0.64852,0.65387,0.35515,1.36904,1.74281,1.69944,0.00738,0,0.0002048,0.0002048,0.0002048
274,2502.16,0.91284,1.27618,0.66027,0.00448,0.64649,0.65497,0.65132,0.65914,0.42504,0.65803,0.65395,0.65691,0.35703,1.37751,1.74471,1.6341,0.0073,0,0.0001982,0.0001982,0.0001982
275,2511.01,0.90844,1.25209,0.67889,0.00456,0.5659,0.6616,0.64868,0.65666,0.42472,0.66991,0.66053,0.66278,0.35977,1.39931,1.74553,1.54997,0.00754,0,0.0001916,0.0001916,0.0001916
276,2519.91,0.93473,1.3171,0.69555,0.00502,0.70204,0.67377,0.65765,0.65694,0.42476,0.68321,0.66686,0.66144,0.36241,1.39957,1.7527,1.55926,0.00752,0,0.000185,0.000185,0.000185
277,2529.06,1.00805,1.40267,0.68816,0.00376,0.71479,0.6627,0.66184,0.65641,0.42272,0.67108,0.66842,0.65924,0.36347,1.40575,1.75235,1.54618,0.00755,0,0.0001784,0.0001784,0.0001784
278,2538.38,0.93879,1.31362,0.63199,0.00363,0.60207,0.66943,0.66053,0.65487,0.42158,0.68391,0.67368,0.66501,0.36565,1.40042,1.75598,1.53364,0.00745,0,0.0001718,0.0001718,0.0001718
279,2547.6,0.98882,1.39329,0.67021,0.00507,0.60731,0.66737,0.66263,0.657,0.4209,0.67905,0.6737,0.66565,0.36823,1.3968,1.75312,1.53552,0.00755,0,0.0001652,0.0001652,0.0001652
280,2556.58,0.95549,1.32584,0.67026,0.00432,0.60499,0.65673,0.66579,0.65875,0.42159,0.67984,0.675,0.67138,0.36943,1.39462,1.74864,1.51795,0.00732,0,0.0001586,0.0001586,0.0001586
281,2565.53,0.94564,1.36871,0.65204,0.00442,0.64217,0.65673,0.66579,0.65875,0.42159,0.67984,0.675,0.67138,0.36943,1.39462,1.74864,1.51795,0.00732,0,0.000152,0.000152,0.000152
282,2574.68,1.00153,1.37431,0.6785,0.00477,0.58527,0.66078,0.65526,0.65876,0.42162,0.68304,0.66053,0.66567,0.37073,1.39525,1.74311,1.51957,0.00744,0,0.0001454,0.0001454,0.0001454
283,2583.52,0.91578,1.30457,0.63343,0.00398,0.56098,0.64989,0.66711,0.66556,0.42285,0.68432,0.65034,0.66491,0.36975,1.40158,1.74299,1.51883,0.00741,0,0.0001388,0.0001388,0.0001388
284,2592.88,1.04625,1.39678,0.68766,0.00352,0.64327,0.6674,0.65,0.65792,0.418,0.67415,0.65658,0.66486,0.36694,1.40144,1.74334,1.57082,0.00746,0,0.0001322,0.0001322,0.0001322
285,2601.94,0.9664,1.38464,0.66371,0.00501,0.60132,0.66622,0.64868,0.65633,0.41739,0.66599,0.65658,0.65972,0.36521,1.41031,1.74592,1.58311,0.00752,0,0.0001256,0.0001256,0.0001256
286,2610.84,0.96936,1.36063,0.6621,0.00428,0.59452,0.67957,0.63289,0.65678,0.41913,0.68099,0.63421,0.6589,0.36536,1.39655,1.74667,1.62729,0.00747,0,0.000119,0.000119,0.000119
287,2619.75,1.0254,1.38423,0.77502,0.00692,0.60693,0.67516,0.64211,0.65724,0.41781,0.67672,0.64474,0.66153,0.36285,1.39592,1.74556,1.60503,0.00739,0,0.0001124,0.0001124,0.0001124
288,2629,0.99872,1.31819,0.68961,0.00502,0.56354,0.67199,0.63026,0.65596,0.4191,0.66118,0.63026,0.65069,0.36144,1.39641,1.7449,1.59644,0.00743,0,0.0001058,0.0001058,0.0001058
289,2637.97,0.94826,1.30935,0.70651,0.00419,0.58416,0.6671,0.64336,0.65252,0.41908,0.66377,0.64211,0.64602,0.35817,1.39207,1.74815,1.63304,0.00742,0,9.92e-05,9.92e-05,9.92e-05
290,2647,0.99918,1.33108,0.68807,0.00383,0.60727,0.66869,0.64532,0.65525,0.4201,0.66613,0.64056,0.65109,0.35835,1.39586,1.74712,1.62449,0.00739,0,9.26e-05,9.26e-05,9.26e-05
291,2655.38,0.97345,1.35743,0.71027,0.00612,0.6854,0.65285,0.66184,0.65802,0.42236,0.66524,0.65,0.66114,0.35814,1.39609,1.74552,1.56629,0.00754,0,8.6e-05,8.6e-05,8.6e-05
292,2663.53,0.86319,1.30749,0.67728,0.00581,0.59374,0.65184,0.67763,0.65845,0.42588,0.6569,0.68289,0.66334,0.35564,1.39332,1.75214,1.52637,0.00752,0,7.94e-05,7.94e-05,7.94e-05
293,2671.74,0.86795,1.27921,0.65932,0.00555,0.56619,0.66133,0.65263,0.65728,0.42257,0.6654,0.65417,0.6617,0.35164,1.39438,1.75291,1.51146,0.00753,0,7.28e-05,7.28e-05,7.28e-05
294,2679.89,0.89493,1.35684,0.73981,0.00609,0.58742,0.64792,0.65135,0.64454,0.41847,0.65163,0.65469,0.65386,0.34988,1.39529,1.75012,1.54383,0.00772,0,6.62e-05,6.62e-05,6.62e-05
295,2688.13,0.94625,1.29875,0.73629,0.00808,0.59855,0.65204,0.65832,0.65356,0.42131,0.6472,0.67632,0.65956,0.35284,1.38679,1.74731,1.53691,0.00749,0,5.96e-05,5.96e-05,5.96e-05
296,2696.29,0.85122,1.25716,0.57137,0.0045,0.55691,0.65009,0.64781,0.65128,0.41882,0.63775,0.67178,0.65349,0.3524,1.38517,1.74765,1.56117,0.00746,0,5.3e-05,5.3e-05,5.3e-05
297,2704.27,0.85923,1.24274,0.67106,0.00744,0.57366,0.65009,0.64781,0.65128,0.41882,0.63775,0.67178,0.65349,0.3524,1.38517,1.74765,1.56117,0.00746,0,4.64e-05,4.64e-05,4.64e-05
298,2712.35,0.84581,1.29728,0.579,0.00498,0.58299,0.66808,0.625,0.64549,0.4204,0.67541,0.6352,0.65968,0.35525,1.39418,1.74557,1.56041,0.00766,0,3.98e-05,3.98e-05,3.98e-05
299,2720.35,0.9445,1.37633,0.7569,0.00702,0.59535,0.67961,0.628,0.64956,0.421,0.68135,0.63021,0.65379,0.35686,1.37999,1.75068,1.61467,0.0075,0,3.32e-05,3.32e-05,3.32e-05
300,2728.49,0.83783,1.21129,0.62425,0.00769,0.55415,0.66816,0.62237,0.64725,0.41915,0.66743,0.64079,0.65273,0.35562,1.37159,1.7507,1.64951,0.00732,0,2.66e-05,2.66e-05,2.66e-05
